INSERT INTO `crm_banner` (`id`,`title`,`image_url`,`link_url`,`sort`,`is_deleted`,`gmt_create`,`gmt_modified`) VALUES ('1194556896025845762','test1','https://online-teach-file.oss-cn-beijing.aliyuncs.com/cms/2019/11/14/297acd3b-b592-4cfb-a446-a28310369675.jpg','/course',1,0,'2019-11-13 18:05:32.000','2019-11-18 10:28:22.000')
,('1371286108914659329','22','https://qq-guli.oss-cn-hangzhou.aliyuncs.com/cover/banner.jpg','/article',2,0,'2021-03-15 10:24:20.287','2021-03-15 10:24:20.287')
,('1384047307687211009','111','https://qq-guli.oss-cn-hangzhou.aliyuncs.com/cover/banner.jpg','/game',3,1,'2021-04-19 15:32:47.167','2021-04-19 15:32:47.167')
,('1392654315415986177','数学','http://qq-guli.oss-cn-hangzhou.aliyuncs.com/2021/05/13/54c0dd9c32cc48a2b21adb08048317a4QQ截图20210401143330.png','/course',4,0,'2021-05-13 09:33:57.720','2021-05-13 09:33:57.720')
;INSERT INTO `edu_article` (`id`,`title`,`author`,`content`,`view_count`,`introduction`,`comment_count`,`like_count`,`is_deleted`,`gmt_create`,`gmt_modified`) VALUES ('1383980336606097410','关于数学启蒙的思考：是什么，为什么，怎么做（深度长文）','博士爸爸Jacking','<p><span style="background-color: #2dc26b;"><strong>01 数学启蒙是什么？</strong></span></p>
<p><span style="background-color: #2dc26b;">谈到数学启蒙，很多家长的第一反应是：&ldquo;先教1，2，3，4&hellip;&hellip;，再教1+1，2+2，3+3&hellip;&hellip;，最后背一背乘法口诀表，就已经很厉害了。&rdquo;</span></p>
<p><span style="background-color: #e03e2d;"><strong>这种反应其实隐含了一个巨大的误区，那就是把&ldquo;计算&rdquo;等同于&ldquo;数学&rdquo;。</strong></span></p>
<p>&ldquo;计算&rdquo;当然是&ldquo;数学&rdquo;，但远远不能等同于&ldquo;数学&rdquo;。数学是一个庞大的知识体系，它包括了代数、几何、概率、集合、拓扑以及逻辑推理（数学思维类）等诸多分支，而&ldquo;计算&rdquo;仅仅是代数分支中一个非常微小的知识点而已。<strong>从启蒙角度来讲，我们需要呈现给孩子的是一个&ldquo;更为全面、更为本质&rdquo;的数学，而不能用简单的数数和运算来代替数学。</strong></p>
<p>那么，对于学龄前的孩子，什么才是&ldquo;更为全面、更为本质&rdquo;的数学呢？关于这个问题，我找到了两个权威文件，<strong>一个是代表&ldquo;国标&rdquo;的《3-6岁儿童学习与发展指南》（2012年版）</strong>，<strong>另一个是代表&ldquo;美标&rdquo;的《高瞻课程（High/Scope）》（1995年版）</strong>。</p>
<p>我们先来看看&ldquo;国标&rdquo;版数学启蒙。《3-6岁儿童学习与发展指南》是国家教育部于2012年发布的幼儿养育指南，分健康、语言、社会、科学、艺术五大领域。其中，数学认知列为科学领域，并给出了三个具体的养育目标：</p>
<figure data-size="normal"><img class="origin_image zh-lightbox-thumb lazy" src="https://pic3.zhimg.com/80/v2-b66f3a581d0ad6004179e5705d09af4a_720w.jpg" width="786" height="979" data-rawwidth="1050" data-rawheight="1308" data-size="normal" data-original="https://pic3.zhimg.com/v2-b66f3a581d0ad6004179e5705d09af4a_r.jpg" data-actualsrc="https://pic3.zhimg.com/v2-b66f3a581d0ad6004179e5705d09af4a_b.jpg" data-lazy-status="ok" /></figure>
<p class="ztext-empty-paragraph">&nbsp;</p>
<figure data-size="normal"><img class="origin_image zh-lightbox-thumb lazy" src="https://pic2.zhimg.com/80/v2-ba66aecec2c36720865d9f07afb03215_720w.jpg" width="1071" data-rawwidth="1071" data-rawheight="1863" data-size="normal" data-original="https://pic2.zhimg.com/v2-ba66aecec2c36720865d9f07afb03215_r.jpg" data-actualsrc="https://pic2.zhimg.com/v2-ba66aecec2c36720865d9f07afb03215_b.jpg" data-lazy-status="ok" /></figure>
<p class="ztext-empty-paragraph">&nbsp;</p>
<figure data-size="normal"><img class="origin_image zh-lightbox-thumb lazy" src="https://pic1.zhimg.com/80/v2-d76ddec26a0037596f1d2b57f700199c_720w.jpg" width="1075" data-rawwidth="1075" data-rawheight="1631" data-size="normal" data-original="https://pic1.zhimg.com/v2-d76ddec26a0037596f1d2b57f700199c_r.jpg" data-actualsrc="https://pic1.zhimg.com/v2-d76ddec26a0037596f1d2b57f700199c_b.jpg" data-lazy-status="ok" /></figure>
<p>也就是说，按照国家标准，学龄前的儿童需要学习的数学知识包括：数字、数量、计算、形状（平面几何），空间（立体几何），以及相互之间的关系（比较、分类、归纳、推理、演绎等逻辑关系）。</p>
<p>现在，我们来看看&ldquo;美标&rdquo;版的数学启蒙。高瞻课程是美国最受欢迎的学前教育体系之一，在高瞻课程里，数学认知包括四块模块：数概念、排序、分类、空间。</p>
<figure data-size="normal"><img class="origin_image zh-lightbox-thumb lazy" src="https://pic3.zhimg.com/80/v2-15ab223289f82cb1fe3e6291a709909e_720w.jpg" width="1050" data-rawwidth="1050" data-rawheight="1923" data-size="normal" data-original="https://pic3.zhimg.com/v2-15ab223289f82cb1fe3e6291a709909e_r.jpg" data-actualsrc="https://pic3.zhimg.com/v2-15ab223289f82cb1fe3e6291a709909e_b.jpg" data-lazy-status="ok" /></figure>
<p class="ztext-empty-paragraph">&nbsp;</p>
<p><strong>看到这儿你是不是已经开始焦虑起来，幼儿园的数学竟然如此广阔浩瀚！！！我的孩子还在整天玩小汽车，这可怎么办？</strong></p>
<p>其实，大可不必&ldquo;焦虑&rdquo;，无论是&ldquo;国标&rdquo;还是&ldquo;美标&rdquo;，所涉及的数学知识其实都非常有限，无非就是<strong>数与计算、形状与空间、逻辑与推理</strong>。这些知识，一般的成年人都是熟练掌握的，只不过我们不熟悉这些专业名词而已。（PS：如果你还是觉得焦虑，那就赶紧关注单爱公众号吧，博士爸爸会持续推送数学启蒙的文章，帮你消除焦虑^_^）</p>
<p>通过查阅这些权威文件，我给&ldquo;数学启蒙&rdquo;下了一个定义：所谓&ldquo;数学启蒙&rdquo;，其核心在于&ldquo;启蒙&rdquo;，而不是具体的&ldquo;数学知识&rdquo;。</p>
<p>数学启蒙最重要的任务是让孩子对数学有一个好的印象，通过认知、感知数学的有用和有趣，进而喜欢上数学。至于孩子在学龄前能学到多少数学知识，则不必过于关注，能学多少就学多少，顺其自然即可。</p>
<p>学龄前所涉及到的知识都非常简单，随着孩子年龄的增长，他们都是可以轻松学会的，比如从1数到100，从100数到1000，或者简单的加减法，对于3岁的孩子可能有些困难，对于4岁的孩子来说就变得简单很多了。</p>
<p>但是，能否让孩子对数学感兴趣，就不是一件随着年龄增长而能够解决的事情了。为了避免给孩子的数学学习&ldquo;帮倒忙&rdquo;，我总结了启蒙时期的&ldquo;三不原则&rdquo;：</p>
<p><strong>原则一：不要因为孩子没有学会你所教的数学知识而去批评他或打击他；</strong></p>
<p><strong>原则二：不要把孩子掌握数学知识的多少作为数学启蒙成果的衡量标准；</strong></p>
<p><strong>原则三：不要拿孩子掌握的数学知识多少来与其他孩子进行比较或者炫耀。</strong></p>
<p>上述这些行为都会让孩子对数学产生厌恶的情绪，这不仅不能让孩子对数学有一个好印象，而且还会破坏孩子对数学的兴趣，甚至影响孩子上小学后学习数学的信心。如果是这样，那我们的启蒙行为就是在给孩子&ldquo;帮倒忙&rdquo;了。</p>
<p><strong>02 为什么需要数学启蒙？</strong></p>
<p>关于&ldquo;为什么需要数学启蒙&rdquo;的问题，我觉得需要分两个方面来讨论，一方面是关于孩子的数学能力，一方面是关于孩子的升学能力。</p>
<p>数学启蒙属于早期教育的范畴，而关于早期教育有没有用，其实是一个争议很大的话题，网上也有很多表达不同观点的文章。在这里，我们先来了解两个最具代表性的科学研究。</p>
<p>第一个科学研究来自于<a class="internal" href="https://www.zhihu.com/search?q=%E4%B8%87%E7%BB%B4%E9%92%A2&amp;search_source=Entity&amp;hybrid_search_source=Entity&amp;hybrid_search_extra=%7B%22sourceType%22%3A%22answer%22%2C%22sourceId%22%3A1254613874%7D" data-za-detail-view-id="1043">万维钢</a>老师的文章《科学结论：早教对孩子不仅没用，反而有害》。（PS：万老师是我在科普写作方面的偶像，同时也是我中科大物理学院的师兄。）</p>
<p>在万老师的文章中提到，德国政府曾资助过一项研究，研究者选择了50个以早教为特色的幼儿园和50个以玩闹为主的传统幼儿园，对所有这些孩子进行跟踪比较。结果发现，一开始早教幼儿园出来的孩子学习水平确实更高，而且这个优势一直保持到孩子们上小学以后。</p>
<p>但是，随着年龄的增长这个优势逐渐下降，到小学四年级，早教组的孩子不但没有学习优势，而且他们的成绩还显著低于传统幼儿园出来的孩子。所以，万老师的观点是，早教确实能让孩子赢起跑线，但是领先不了多久。</p>
<p>第二个科学研究来自陈鹤琴老先生的代表作之一《儿童心理》。在陈老先生的书中提到，1929年美国心理学家格赛尔（Gesell）的双生子实验。格赛尔选择了一对同卵双胞胎女孩A和B，在她们出生第48周时，格赛尔对女孩A进行了爬楼梯、搭积木、肌肉协调和运用词汇等训练，而对女孩B则不作训练。</p>
<p>在第53周时，格赛尔把女孩A和女孩B放到相同的环境中测试爬梯技能。结果显示，接受训练的女孩T在爬梯这项技能上明显优于女孩B，两个人的爬梯时间分别是17秒和47秒，女孩B比女孩A落后了30秒。之后，格赛尔让女孩B也开始接受相同的训练。</p>
<p>结果显示，只需要少量的训练，女孩B的爬梯技能就赶上了女孩A的技能。到了第55周，两个女孩的爬梯技能已基本看不出差别。</p>
<p>赛尔的实验表明，<strong>在身体成熟之前，人为外加的&ldquo;学习&rdquo;作用非常小，而在身体成熟之后进行专项训练效果会特别明显</strong>。这也是陈鹤琴老先生关于早教的观点。</p>
<p>结合上述两个研究成果，我对于&ldquo;数学启蒙是否有用&rdquo;的回答是：</p>
<p><strong>① 在孩子身体发育成熟的时候（主要是指大脑思维的发育程度），给予适当的数学启蒙教育，对孩子的数学能力是有明显提升作用的；</strong></p>
<p><strong>② 想要孩子一直保持住数学能力的优势，启蒙教育的工作不能仅仅停留在幼儿园阶段，而是要贯穿整个小学阶段，一直到孩子掌握了自主学习能力为止。</strong></p>
<p>简单地说，就是：<strong>数学启蒙是有用的，但需要结合孩子的成长节奏来开展，而且数学启蒙不能只停留在幼儿园阶段，而是要一直贯穿整个小学阶段。</strong></p>
<p>看完两个烧脑的学术知识，我们来聊一聊不烧脑但很烧心的问题：升学能力。</p>
<p>这是网上流传的两道&ldquo;幼升小&rdquo;考试题。虽然无法判断真假，但当下中国孩子的升学问题依然是摆在各个家庭面前的头等大事。</p>
<p>中国的教育制度属于选拔制（也可以称为淘汰制）的教育，想要在这样的教育体制中更好地生存，就必须认真对待每一次淘汰测试，否则吃亏的只能是自己。而数学，则是这些淘汰测试中的重头戏。</p>
<p>带着这样的目的学数学，当然不是一个好的教育导向。但是，不管我们推崇多么先进的教育理念，首先还是需要带领孩子脚踏实地地面对现实。我们需要做的，就是尽量在不破坏孩子天性的前提下，帮助孩子去做好准备迎接每一次的淘汰测试。</p>
<p>所以，从升学的角度讲，数学启蒙本身就是一件需要我们认真去对待的事。</p>
<p><strong>03 数学启蒙怎么做？</strong></p>
<p>好了，终于来到大家最关心的部分，数学启蒙怎么做？</p>
<p>结合前面的理论分析和我自己的实践经验，我总结了一个&ldquo;三步走&ldquo;&rdquo;的数学启蒙方法，在这里和大家分享。</p>
<p><strong>第一步：观察，判断孩子的数学思维处于哪个状态</strong></p>
<p>可能很多人会奇怪，第一步怎么是观察呢？我的依据是格赛尔的双生子实验，也就是要等待身体成熟后再给予适当的训练。</p>
<p>数学启蒙是一项思维活动，只有在孩子的大脑发育到能够接受这类知识的时候，教给他适当的数学知识才是有效的。如果启蒙太早，孩子难以接受，学习效率会比较低下。如果父母比较着急，一定要让孩子提前于大脑发育进行数学训练，当然也可以让孩子提前掌握相关数学知识，但这种做法一般会事倍功半，甚至还会破坏孩子对数学的兴趣，从长远来看是不推荐的。如果启蒙太晚了，错过最佳练习阶段，也就错误了最好的启蒙时间了。</p>
<p>所以，数学启蒙的第一步是要观察孩子数学思维处于哪个状态，从而判断他适合学习哪些数学知识。</p>
<p>以数数为例，Shen从一岁多就可以很完整地从1数到10，但这并不代表他已经掌握了数数的能力。我是通过一些简单的测试来判断的，比如有3个人，他数到3之后还会继续数下去，这就说明他还不明白数数的概念。</p>
<p>按照正常规律，这个时候他的大脑还没发育到能够理解抽象符号的时候，他只不过是凭记忆力在数数而已。这个时期，数数对于他来说，和哼唱一首儿歌并没有什么差别。</p>
<p>到了2岁左右，Shen开始能够理解1，2，3的意义。因为这个时候，我问题他屋里有几个人，他可以很准确地数出是3个人，或4个人，但偶尔还是会数错。这个时候，我认为有必要帮助他开始&ldquo;数数&rdquo;的学习了。</p>
<p>到了2岁半，Shen已经可以很准确地从1数到10，我更换不同的物品，比如手指，人，椅子，鞋子，他都可以很准确地输出来。这就说明他头脑里已经具备了简单数数的能力。这个时候，就可以开始进行一下复杂的数数的练习，比如从10数到20，比如从杂乱的积木中数出几个三角形，或者从一堆袜子中数出红色的袜子等等。</p>
<p>先观察，先试探，确认孩子具有学习某一知识点的生理结构（大脑）后再进行引导学习。对于形状和空间，逻辑推理等，也都可以通过同样的方法来判断是否可以进行知识学习。</p>
<p><strong>第二步：重复，在日常生活中不断重复近期学习的知识点</strong></p>
<p>还是以数数为例，在我确认Shen已经具备数数能力之后，我就带他下飞行棋。飞行棋是个非常好的练习数数的场景。刚开始，Shen要对着骰子进行&ldquo;指数&rdquo;，慢慢地他开始不需要手指了，而是在心里&ldquo;默数&rdquo;。大概到了三岁，他就可以一眼就可以看懂数字了。这个时候，已经说明他很好地理解抽象的符号数字与具体物品的量之间的关系了。</p>
<p>除了飞行棋，还可以通过数玩具车，数积木，数楼梯，数步数等等各式各样的生活和游戏来练习数数。</p>
<figure data-size="normal"><img class="origin_image zh-lightbox-thumb lazy" src="https://pic3.zhimg.com/80/v2-ca4d703b3872f70ca7dc9e2edc508022_720w.jpg" width="1280" data-rawwidth="1280" data-rawheight="720" data-size="normal" data-original="https://pic3.zhimg.com/v2-ca4d703b3872f70ca7dc9e2edc508022_r.jpg" data-actualsrc="https://pic3.zhimg.com/v2-ca4d703b3872f70ca7dc9e2edc508022_b.jpg" data-lazy-status="ok" /></figure>
<p class="ztext-empty-paragraph">&nbsp;</p>
<p>在Shen具备数数能力之后，我曾尝试拿两个骰子，引导他学习加法。但他没有接受这种玩法，说明他还不具备学习加法的能力。这个时候我也就不强制他学习加法。转为第一步，观察，观察并测试他什么时候具备了学习计算的思考能力。</p>
<p><strong>第三步：课程，适当地引入系统性学习</strong></p>
<p>在Shen接触到了一定的数学知识后，我就带他一起读数学启蒙的读物，开始尝试进行系统性的学习模式。数学启蒙读物的前几讲是关于数字、数量的内容，这对Shen来说已经很容易的事情，因此也就引起他对这套书的学习兴趣。到目前为止，他一知道我要带他学数学，就会非常兴奋。这也是出乎我自己的意料的。</p>
<p>不过，为了让他保持对数学的持续兴趣，我和他一起立了一个规定：一次课只能讲一节内容。这样的约定有两个考虑，一方面一个三岁的孩子能够真正理解的知识是非常有限的，一次给他讲太多知识，他吸收不了，反而就削弱了对数学的兴趣；另一方面，控制每次学习的量，也可以起到&ldquo;饥饿营销&rdquo;的效果，这样可以帮助孩子保持住对数学知识的渴望。</p>
<p>当然，上面只是简单举了我自己关于&ldquo;数数&rdquo;的启蒙案例，后续我会分专题整理出相关的数学启蒙心得。欢迎持续关注！</p>',23,'谈到数学启蒙，很多家长的第一反应是：“先教1，2，3，4……，再教1+1，2+2，3+3……，最后背一背乘法口诀表，就已经很厉害了。”

这种反应其实隐含了一个巨大的误区，那就是把“计算”等同于“数学”。

“计算”当然是“数学”，但远远不能等同于“数学”。数学是一个庞大的知识体系，它包括了代数、几何、概率、集合、拓扑以及逻辑推理（数学思维类）等诸多分支，而“计算”仅仅是代数分支中一个非常微小的知识点而已。从启蒙角度来讲，我们需要呈现给孩子的是一个“更为全面、更为本质”的数学，而不能用简单的数数和运算来代替数学。',1,1,0,'2021-04-19 11:06:40.000','2021-05-14 15:02:13.350')
,('1383981268924379138','0-6岁数学怎么教？看这篇就够了！','米粒妈','<div class="index-module_mediaWrap_213jB">
<div class="index-module_contentImg_JmmC0"><img class="index-module_large_1mscr" src="https://pics0.baidu.com/feed/0df431adcbef7609fdfe9b310215f8c97ed99ef0.jpeg?token=34a75e6a6c7d75f81e1ae245778df5a4" width="640" /></div>
</div>
<div class="index-module_textWrap_3ygOc">
<p><span class="bjh-p">幼儿数学认知发展</span></p>
</div>
<div class="index-module_textWrap_3ygOc">
<p><span class="bjh-p">孩子的数学能力不会凭空跳跃，而是随着年龄逐渐发展成熟。父母要先掌握儿童数学发展概况，才能协助孩子累积数学经验，发挥数学潜能。</span></p>
</div>
<div class="index-module_textWrap_3ygOc">
<p><span class="bjh-p">孩子的数学概念发展包括了4大领域：数、量、图形空间、逻辑关系。</span></p>
</div>
<div class="index-module_textWrap_3ygOc">
<p><span class="bjh-p">然而，我们一定要知道，就跟每个孩子的身高、体重发展各有不同一样，孩子的数学发展也有个别差异，当然父母的引导方式和态度也会影响孩子的数学能力。</span></p>
</div>
<div class="index-module_mediaWrap_213jB">
<div class="index-module_contentImg_JmmC0"><img class="index-module_large_1mscr" src="https://pics4.baidu.com/feed/7af40ad162d9f2d3aa88b0d38424d1166227ccbb.jpeg?token=0dea1a75bdf86f477b3b0fe8a3a2be38&amp;s=F994499D5E3354840D9870F203008032" width="640" /></div>
</div>
<div class="index-module_textWrap_3ygOc">
<p><span class="bjh-ul"><span class="bjh-li"><span class="bjh-p">0-2岁</span></span></span><span class="bjh-p">1、数：可以从1背到10</span></p>
</div>
<div class="index-module_textWrap_3ygOc">
<p><span class="bjh-p">1岁左右的婴幼儿，已有&ldquo;更多&rdquo;的概念，例如当大人给的饼干不如预期时，会表示&ldquo;还要&rdquo;。</span></p>
</div>
<div class="index-module_textWrap_3ygOc">
<p><span class="bjh-p">快2岁时，会开始学数数，可以从1数到10，甚至更多，但通常只是单纯的数字背诵，并不了解数字的意义。</span></p>
</div>
<div class="index-module_textWrap_3ygOc">
<p><span class="bjh-p">有些2岁的孩子会开始听得懂&ldquo;拿1个&rdquo;或&ldquo;选2个&rdquo;这种简单的指令。</span></p>
</div>
<div class="index-module_textWrap_3ygOc">
<p><span class="bjh-p">2、量：开始探索&ldquo;大小&rdquo;和&ldquo;轻重&rdquo;</span></p>
</div>
<div class="index-module_textWrap_3ygOc">
<p><span class="bjh-p">快1岁的孩子，已经能笼统地感觉出物品的大小或轻重，以及物品和自身的距离；1-2岁时，喜欢玩水、玩沙，用不同的容器探索量的多少。</span></p>
</div>
<div class="index-module_mediaWrap_213jB">
<div class="index-module_contentImg_JmmC0"><img class="index-module_large_1mscr" src="https://pics3.baidu.com/feed/c995d143ad4bd113325ba7a77667ff0a49fb05d9.jpeg?token=9f75da11150e05ba1527900b0e389a49&amp;s=7B429B1E062171091E68586D0300E070" width="600" /></div>
</div>
<div class="index-module_textWrap_3ygOc">
<p><span class="bjh-p">3、图形空间：堆积木、认图形</span></p>
</div>
<div class="index-module_textWrap_3ygOc">
<p><span class="bjh-p">1-2岁时，能把相同大小的图形做配对；随着经验的累积，孩子慢慢学会将不同大小但同样形状的图形做链接，例如：小圆形和大圆形、小三角形和大三角形。</span></p>
</div>
<div class="index-module_textWrap_3ygOc">
<p><span class="bjh-p">2岁的孩子，通常喜欢把积木堆叠高高的，也能拼出图像简单的拼图；此外，还开始会留意生活周围的图案，例如：地板磁砖上的特殊形状。</span></p>
</div>
<div class="index-module_textWrap_3ygOc">
<p><span class="bjh-p">4、逻辑关系：了解规律生活</span></p>
</div>
<div class="index-module_textWrap_3ygOc">
<p><span class="bjh-p">快1岁的婴幼儿，开始了解生活的简单规律，例如：洗完澡、刷完牙后，就要上床睡觉了。</span></p>
</div>
<div class="index-module_textWrap_3ygOc">
<p><span class="bjh-p">1岁半的孩子会开始寻找事物的规律和逻辑顺序，例如：白天和黑夜会轮流交替。</span></p>
</div>
<div class="index-module_mediaWrap_213jB">
<div class="index-module_contentImg_JmmC0"><img class="index-module_large_1mscr" src="https://pics1.baidu.com/feed/c9fcc3cec3fdfc03980eeca2f9f7dc91a5c22686.jpeg?token=179de85e1f6cea48d069b5b1b6a499ae&amp;s=3D84DB154E44794300BDD1DE03005021" width="626" /></div>
</div>
<div class="index-module_textWrap_3ygOc">
<p><span class="bjh-ul"><span class="bjh-li"><span class="bjh-p">2-4岁</span></span></span><span class="bjh-p">1、数：掌握数字和实物的关联</span></p>
</div>
<div class="index-module_textWrap_3ygOc">
<p><span class="bjh-p">2岁半到3岁的孩子，开始会数物品的个数。3岁的孩子可以清楚告诉大人自己的年纪，并且用手指比出3。</span></p>
</div>
<div class="index-module_textWrap_3ygOc">
<p><span class="bjh-p">这个年纪的孩子已经建立了数字和物品间的关联，可依指令排出和数字相当的物品总数，例如：2个苹果、5个杯子。</span></p>
</div>
<div class="index-module_textWrap_3ygOc">
<p><span class="bjh-p">2、量：可区分大小高矮胖瘦</span></p>
</div>
<div class="index-module_textWrap_3ygOc">
<p><span class="bjh-p">2岁半到3岁时，可清楚区分出物品特征，例如：大小、高矮、胖瘦、长短、轻重、粗细。</span></p>
</div>
<div class="index-module_textWrap_3ygOc">
<p><span class="bjh-p">3岁半的孩子具有明确的度量观念，例如：当瓶中的水倒出一半，量就会减少；相反的，如果再多加水进去，他们也知道水量会增加。</span></p>
</div>
<div class="index-module_mediaWrap_213jB">
<div class="index-module_contentImg_JmmC0"><img class="index-module_large_1mscr" src="https://pics4.baidu.com/feed/37d3d539b6003af33d9c244d18e29d591138b6c2.jpeg?token=4c7fab67c6ba7041fc86ef9aa5333fe9&amp;s=ABA3CF0452815557C69CAA670300F0E7" width="640" /></div>
</div>
<div class="index-module_textWrap_3ygOc">
<p><span class="bjh-p">3、图形空间：用身体探索空间</span></p>
</div>
<div class="index-module_textWrap_3ygOc">
<p><span class="bjh-p">2-4岁的孩子开始学习用身体去探索空间，体会自己的上下、左右、前后等空间关联。</span></p>
</div>
<div class="index-module_textWrap_3ygOc">
<p><span class="bjh-p">4岁的孩子可以清楚辨別并说出不同大小的各种形状；甚至，可以用积木堆叠出左右对应的架构。</span></p>
</div>
<div class="index-module_textWrap_3ygOc">
<p><span class="bjh-p">4、逻辑关系：练习各种分类方式</span></p>
</div>
<div class="index-module_textWrap_3ygOc">
<p><span class="bjh-p">3岁时，孩子开始有清楚的分类能力，例如：按照物品的颜色、形状、大小、材质或用途做分类。</span></p>
</div>
<div class="index-module_textWrap_3ygOc">
<p><span class="bjh-p">4岁的孩子可以做较复杂的序列游戏，例如：将物品从大排到小，并清楚说出&ldquo;比较大&rdquo;、&ldquo;最大&rdquo;等词。</span></p>
</div>
<div class="index-module_mediaWrap_213jB">
<div class="index-module_contentImg_JmmC0"><img class="index-module_large_1mscr" src="https://pics3.baidu.com/feed/d4628535e5dde711ab86b35e8927951e9c16610b.jpeg?token=ca46fa37e1c41fbd7e63379e5d685e3b&amp;s=D5024BBE1A320782872D3D640300F060" width="640" /></div>
</div>
<div class="index-module_textWrap_3ygOc">
<p><span class="bjh-ul"><span class="bjh-li"><span class="bjh-p">4-6岁</span></span></span><span class="bjh-p">1、数：会做简单运算</span></p>
</div>
<div class="index-module_textWrap_3ygOc">
<p><span class="bjh-p">5-6岁时，能以图像化方式进行答案是10以内的简单加法与减法。</span></p>
</div>
<div class="index-module_textWrap_3ygOc">
<p><span class="bjh-p">6岁时，孩子开始能理解&ldquo;数字守恒&rdquo;的道理，也就是说物品的数量不会随着外在形状而改变，但仅限于10以内的数量。</span></p>
</div>
<div class="index-module_textWrap_3ygOc">
<p><span class="bjh-p">2、量：喜欢比一比</span></p>
</div>
<div class="index-module_textWrap_3ygOc">
<p><span class="bjh-p">4-5岁的孩子喜欢借由&ldquo;比较&rdquo;来解决问题，例如：比比哪支筷子比较长？也能针对同样形体但不同大小的容器，辨別出哪个比较大、哪个比较小？</span></p>
</div>
<div class="index-module_textWrap_3ygOc">
<p><span class="bjh-p">这时候的孩子嘴上喜欢用&ldquo;比较&rdquo;和&ldquo;最&rdquo;的字眼，例如：我比弟弟还要高、我和妹妹一样高、哥哥最高等等。</span></p>
</div>
<div class="index-module_mediaWrap_213jB">
<div class="index-module_contentImg_JmmC0"><img class="index-module_large_1mscr" src="https://pics4.baidu.com/feed/5ab5c9ea15ce36d3afa9e12f173b6182e850b149.jpeg?token=64edd470aa139c3fdd979c27322bbbdf&amp;s=0033C530475643C67CE124F503001022" width="640" /></div>
</div>
<div class="index-module_textWrap_3ygOc">
<p><span class="bjh-p">3、图形空间：照着图案堆积木</span></p>
</div>
<div class="index-module_textWrap_3ygOc">
<p><span class="bjh-p">5岁的孩子开始能模仿书本里的图像，甚至开始能画出记忆中的图像。</span></p>
</div>
<div class="index-module_textWrap_3ygOc">
<p><span class="bjh-p">6岁时，他们能运用2个图形排出另1个图形，例如：用2个三角形排出1个正方形、用2个正方形积木排出1个长方形。</span></p>
</div>
<div class="index-module_textWrap_3ygOc">
<p><span class="bjh-p">4、逻辑关系：清楚做事顺序</span></p>
</div>
<div class="index-module_textWrap_3ygOc">
<p><span class="bjh-p">4-5岁的孩子能懂得按照物品的特性做精细的分类，例如：把袜子按照颜色区分开来，再依照大小排好。</span></p>
</div>
<div class="index-module_textWrap_3ygOc">
<p><span class="bjh-p">6岁时，能清楚明白事件发生的前后顺序，这也是认识时刻的基础知识，例如：洗澡前要先刷洗浴缸，接着打开水龙头把水加满浴缸，最后才能开始洗澡。</span></p>
</div>
<div class="index-module_mediaWrap_213jB">
<div class="index-module_contentImg_JmmC0"><img class="index-module_large_1mscr" src="https://pics5.baidu.com/feed/5ab5c9ea15ce36d3b826d2ae173b6182e850b15f.jpeg?token=a266c036cbcb06d17bc7330eec88604b&amp;s=7607F60E4E4664430816D8530300F0B8" width="626" /></div>
</div>
<div class="index-module_mediaWrap_213jB">
<div class="index-module_contentImg_JmmC0"><img class="index-module_large_1mscr" src="https://pics3.baidu.com/feed/94cad1c8a786c9178afb588ce5f52bca39c757dc.jpeg?token=50bc6eae48fab11cdb7e03bfe303e02a" width="640" /></div>
</div>
<div class="index-module_textWrap_3ygOc">
<p><span class="bjh-p">在生活中引导孩子学习数学</span></p>
</div>
<div class="index-module_textWrap_3ygOc">
<p><span class="bjh-p">早期数学教育不光只是教数数，而是要引导孩子在生活中运用数学，让数学变得真实而有意义。</span></p>
</div>
<div class="index-module_textWrap_3ygOc">
<p><span class="bjh-p">那么，怎么在生活中建立孩子的数学概念呢？</span></p>
</div>
<div class="index-module_textWrap_3ygOc">
<p><span class="bjh-ul"><span class="bjh-li"><span class="bjh-p">把握机会教育：</span></span></span><span class="bjh-p">一般来说，5岁的孩子就能开始了解用钱购物的观念。</span></p>
</div>
<div class="index-module_textWrap_3ygOc">
<p><span class="bjh-p">去超市购物时，家长可以让孩子自已选择1-2件物品去结帐，在交易的过程中，不但有交换、集合、分散的练习，更可以从经验上累积对数字概念的了解。</span></p>
</div>
<div class="index-module_mediaWrap_213jB">
<div class="index-module_contentImg_JmmC0"><img class="index-module_large_1mscr" src="https://pics0.baidu.com/feed/b90e7bec54e736d10ae76d1eb69814c7d4626979.jpeg?token=524ea7412ec476f215d2c78e3ceb9c07&amp;s=FC9EFFBE6CD2F1F3800D88E00300E02B" width="640" /></div>
</div>
<div class="index-module_textWrap_3ygOc">
<p><span class="bjh-p">米粒爸去超市经常精打细算，精确到一根葱、一头蒜都不会错。</span></p>
</div>
<div class="index-module_mediaWrap_213jB">
<div class="index-module_contentImg_JmmC0"><img class="index-module_large_1mscr" src="https://pics6.baidu.com/feed/cc11728b4710b91278414dedec35a7069345226a.jpeg?token=a3a9da9996e73a01daa58363d79f67df&amp;s=AEB22D8F1ED35BFF6C1111B603008022" width="640" /></div>
</div>
<div class="index-module_textWrap_3ygOc">
<p><span class="bjh-p">米粒在老爸的耳濡目染下，也爱跟我们一块做计划。他想吃什么水果零食、要花多少钱，事先要跟老爸申报：</span></p>
</div>
<div class="index-module_mediaWrap_213jB">
<div class="index-module_contentImg_JmmC0"><img class="index-module_large_1mscr" src="https://pics0.baidu.com/feed/9f510fb30f2442a76d4b6254fe8bf64ed31302c3.jpeg?token=c1c5f4ac42403a9355a87a6576fa88d0&amp;s=74862EBB5E1677EB14307C7D03008071" width="640" /></div>
</div>
<div class="index-module_textWrap_3ygOc">
<p><span class="bjh-p">当然，爸妈也可以和孩子玩数字拳的游戏，在游戏中，不用数数儿却可以清楚透过伸出的手指，知道数字的变化。</span></p>
</div>
<div class="index-module_textWrap_3ygOc">
<p><span class="bjh-ul"><span class="bjh-li"><span class="bjh-p">运用实物教学：</span></span></span><span class="bjh-p">切蛋糕的时候，将1个蛋糕分成一半，变成2个蛋糕，2个再分成4个，长久下来，孩子会开始有&ldquo;分数&rdquo;的概念。</span></p>
</div>
<div class="index-module_textWrap_3ygOc">
<p><span class="bjh-p">分水果的时候，也可以让孩子跟着大声数数，建立对数字的概念，并开始了解&ldquo;均分&rdquo;的意思。</span></p>
</div>
<div class="index-module_textWrap_3ygOc">
<p><span class="bjh-p">数学在我们家，渗透到生活的方方面面；具体参见我的这条微博状态▼</span></p>
</div>
<div class="index-module_mediaWrap_213jB">
<div class="index-module_contentImg_JmmC0"><img class="index-module_large_1mscr" src="https://pics7.baidu.com/feed/9c16fdfaaf51f3debab5760cba26ab1a3b2979a4.jpeg?token=cf596ec72ba88ed3c390c1920b11cd99&amp;s=5410349F442242AA1F9BF9ED03006029" width="640" /></div>
</div>
<div class="index-module_textWrap_3ygOc">
<p><span class="bjh-ul"><span class="bjh-li"><span class="bjh-p">训练孩子使用正确的名称及单位：</span></span></span><span class="bjh-p">一双鞋、一盘水果、一支铅笔、一只小狗、一首歌曲、一张纸，生活中，家长尽量让孩子用正确的单位来形容物品，从日常生活里来提升孩子对正确数量及大小的描述及应用。</span></p>
</div>
<div class="index-module_textWrap_3ygOc">
<p><span class="bjh-ul"><span class="bjh-li"><span class="bjh-p">随时提供机会练习：</span></span></span><span class="bjh-p">千万不要以为教孩子数学与大小的概念，就一定得端正坐好教；</span></p>
</div>
<div class="index-module_textWrap_3ygOc">
<p><span class="bjh-p">对学龄前的孩子来说，生活中的机会教育效果更好。例如：爬楼梯、车子过收费站等，都是可以把握的数学机会教育时机。</span></p>
</div>
<div class="index-module_textWrap_3ygOc">
<p><span class="bjh-p">全家出游是最愉快的，可是常常还没开到目的地，孩子就开始喊无聊了，这时候，可以跟着孩子一起数数看经过了哪些地方？</span></p>
</div>
<div class="index-module_textWrap_3ygOc">
<p><span class="bjh-p">开高速时，经过几个收费站，总共缴了多少过路费，都是活生生的话题，用轻松的方式，在生活中随处培养孩子的数学能力。</span></p>
</div>
<div class="index-module_mediaWrap_213jB">
<div class="index-module_contentImg_JmmC0"><img class="index-module_large_1mscr" src="https://pics4.baidu.com/feed/3ac79f3df8dcd1003b8b77f15f431c15b8122f1c.jpeg?token=054a050d6258abcf4cee368dab0b1dae&amp;s=D18243B44C030ADE548D1DB10300A002" width="640" /></div>
</div>
<div class="index-module_textWrap_3ygOc">
<p><span class="bjh-ul"><span class="bjh-li"><span class="bjh-p">设计数字的游戏：</span></span></span><span class="bjh-p">没有什么比从&ldquo;玩中学&rdquo;更适合孩子、效果更好的了。父母可以借由游戏的方式，加强孩子的数字概念：</span></p>
</div>
<div class="index-module_textWrap_3ygOc">
<p><span class="bjh-p">跳格子：适合3岁以上的孩子</span></p>
</div>
<div class="index-module_textWrap_3ygOc">
<p><span class="bjh-p">利用组合拼垫或粉笔，在地面上画出排列数字的方格，参与者投掷小石块到格子中，再经由跳格子的方式，取回小石块得一分。</span></p>
</div>
<div class="index-module_textWrap_3ygOc">
<p><span class="bjh-p">这个游戏是希望借着跳格子，让孩子在游戏中，熟悉数字的连贯性，格子可以任意重新排列组合但要维持顺序。</span></p>
</div>
<div class="index-module_mediaWrap_213jB">
<div class="index-module_contentImg_JmmC0"><img class="index-module_large_1mscr" src="https://pics0.baidu.com/feed/4a36acaf2edda3cc13c60cf72c216204203f9210.jpeg?token=a8da46bb206441418be442e3003bff28&amp;s=928061A660622B139AA415F303001030" width="640" /></div>
</div>
<div class="index-module_textWrap_3ygOc">
<p><span class="bjh-p">五子棋：适合5-6岁的孩子</span></p>
</div>
<div class="index-module_textWrap_3ygOc">
<p><span class="bjh-p">在棋盘上置点白棋子，先连成一线为赢，棋子可纵、横、斜向连成5个1串线。</span></p>
</div>
<div class="index-module_textWrap_3ygOc">
<p><span class="bjh-p">这个游戏除了能增强孩子的辨数能力，还能让孩子在棋盘中，对数列及组合上有良好的练习。</span></p>
</div>
<div class="index-module_textWrap_3ygOc">
<p><span class="bjh-p">堆积木：适合2-6岁的孩子</span></p>
</div>
<div class="index-module_textWrap_3ygOc">
<p><span class="bjh-p">跟孩子一起把积木一块一块堆起来，看谁堆得高；也可以分不同的形状、颜色来组合。</span></p>
</div>
<div class="index-module_textWrap_3ygOc">
<p><span class="bjh-p">堆积木可以训练孩子数的排列、分类能力，还能增进手眼协调。</span></p>
</div>
<div class="index-module_textWrap_3ygOc">
<p><span class="bjh-p">像咱们团过的数学魔法方块，超多玩法，玩积木，学几何、分数，计算，解方程，算数&hellip;&hellip;只要家长留心，处处都能学数学！</span></p>
</div>
<div class="index-module_mediaWrap_213jB">
<div class="index-module_contentImg_JmmC0"><img class="index-module_large_1mscr" src="https://pics0.baidu.com/feed/1e30e924b899a901c3fd682d305d517e0308f52a.jpeg?token=fb98c111c77979e58c65c93ef055704c&amp;s=BDD67B93075457DC1584055E0300D072" width="640" /></div>
</div>
<div class="index-module_mediaWrap_213jB">
<div class="index-module_contentImg_JmmC0"><img class="index-module_large_1mscr" src="https://pics2.baidu.com/feed/c2fdfc039245d688536a38bd890a261bd31b2488.jpeg?token=8f5fa0ba786912388cb79fdbcdfca4a5&amp;s=CB804B85C26037074DBCCDE303005012" width="587" /></div>
</div>
<div class="index-module_textWrap_3ygOc">
<p><span class="bjh-p">扑克牌：适合4-6岁的孩子</span></p>
</div>
<div class="index-module_textWrap_3ygOc">
<p><span class="bjh-p">扑克牌除了可以增进孩子对数字的运用及组合能力、也能强化孩子大小的概念，是绝佳训练脑力的游戏。</span></p>
</div>
<div class="index-module_textWrap_3ygOc">
<p><span class="bjh-p">扑克牌同时拥有数字和符号，是最好帮助孩子从具体实物运算的游戏。</span></p>
</div>
<div class="index-module_textWrap_3ygOc">
<p><span class="bjh-p">从米粒4岁开始，米粒妈就开始跟米粒玩扑克牌：先把10以上的牌拿掉，让米粒练习数数儿、认数字，我们最常玩的就是随便抽一张牌，直接玩比大小。</span></p>
</div>
<div class="index-module_textWrap_3ygOc">
<p><span class="bjh-p">我们还会随意取3张牌，给米粒看了以后，倒扣过来，然后问米粒刚才看到的3张牌是什么。</span></p>
</div>
<div class="index-module_textWrap_3ygOc">
<p><span class="bjh-p">随着练习多了，可以增加看的牌数，然后减少看的时间；这是训练孩子记忆力跟专注力非常有效的游戏。</span></p>
</div>
<div class="index-module_mediaWrap_213jB">
<div class="index-module_contentImg_JmmC0"><img class="index-module_large_1mscr" src="https://pics5.baidu.com/feed/5882b2b7d0a20cf4e40ddffb5bc11033adaf9946.jpeg?token=6a4d5b14188e7dd69584b783db9fd45d&amp;s=02B0358F0F7060867BF184E303002031" width="640" /></div>
</div>
<div class="index-module_textWrap_3ygOc">
<p><span class="bjh-p">后来，米粒妈开始把2张数字牌任意组合，让米粒练习加法运算。等米粒慢慢学会基本运算以后，我们就常玩10点半。</span></p>
</div>
<div class="index-module_textWrap_3ygOc">
<p><span class="bjh-p">规则很简单：要拿到最接近十点半但是不能爆掉（超过十点半）的牌；1-10的牌分別为1-10点；J、Q、K为半点(0.5点)。</span></p>
</div>
<div class="index-module_textWrap_3ygOc">
<p><span class="bjh-p">扑克牌的玩法超多，而且最适合拿来训练孩子的数学能力了，重点是这样的学习还很生动有趣，保证孩子很爱这种游戏，不但增加亲子关系，还培养了数学能力。</span></p>
</div>
<div class="index-module_textWrap_3ygOc">
<p><span class="bjh-p">米粒爸后来就老说：一副扑克牌在手，轻松搞定孩子数学早教！</span></p>
</div>
<div class="index-module_mediaWrap_213jB">
<div class="index-module_contentImg_JmmC0"><img class="index-module_large_1mscr" src="https://pics3.baidu.com/feed/94cad1c8a786c917a07532e9e5f52bca3ac7573d.jpeg?token=2b28f949adc0171abc1524a4d863889c&amp;s=DB43DB1C5322451F49DD7CC003007034" width="640" /></div>
</div>',11,'在婴儿期，宝宝就已经有了数学思维！

即使是婴儿，也能察觉数量的改变，理解“更多”的概念。

美国儿童发展专家盖斯特(EugeneGeist)说：幼儿对数字概念有着惊人的发展，他们借由数学做为探索工具，来认识周围世界。

学龄前儿童如果能累积丰富的数学经验，不但能提升日后的数学思维能力，更能提升未来的学习成绩。

早期接触数学的经验，是攸关孩子未来学习发展的重要因素，所以为了启发孩子对数学的兴趣，奠定未来学习的根基，数学教育应尽早开始。

如果家长能在日常生活中适当引导，从婴幼儿时期开始，通过游戏、日常生活，培养孩子的数学概念，就能培养孩子的数学能力。

所以，数学这件事，绝不能等到孩子小学才开始。数学启蒙，从0岁就可以开始啦。',1,1,0,'2021-04-19 11:10:22.000','2021-05-13 10:38:09.860')
,('1383981984657190913','大脑发育最关键的黄金三年，错过后悔一辈子！','米粒妈频道','<div class="index-module_mediaWrap_213jB">
<div class="index-module_contentImg_JmmC0"><img class="index-module_large_1mscr" src="https://t10.baidu.com/it/u=1705662705,22269724&amp;fm=173&amp;app=25&amp;f=JPEG?w=640&amp;h=106" width="640" /></div>
</div>
<div class="index-module_textWrap_3ygOc">
<p><span class="bjh-p"><span class="bjh-strong">0-3岁是脑部发育关键期</span></span></p>
</div>
<div class="index-module_textWrap_3ygOc">
<p>&nbsp;</p>
</div>
<div class="index-module_textWrap_3ygOc">
<p><span class="bjh-p">首先，大家要知道的是：在0-3岁这个阶段，脑部发育超快！婴儿刚出生时，大脑只有成人的25％；到了3岁，小朋友的大脑就有了成人的<span class="bjh-strong">80％</span>。短短3年成长了3倍多。所以，<span class="bjh-strong">0-3岁被视为脑部发育最关键的时期</span>。</span></p>
</div>
<div class="index-module_textWrap_3ygOc">
<p>&nbsp;</p>
</div>
<div class="index-module_textWrap_3ygOc">
<p><span class="bjh-p">在脑细胞数目没怎么增加的情况下，脑的发育来自于细胞变大，连结网络变多。这个时期的婴儿，<span class="bjh-strong">以每秒形成700个以上的神经细胞连结速度</span>，在大脑内建造连结网络，这个连结，生理学上称为&ldquo;<span class="bjh-strong">突触</span>&rdquo;（synapse）。</span></p>
</div>
<div class="index-module_textWrap_3ygOc">
<p>&nbsp;</p>
</div>
<div class="index-module_textWrap_3ygOc">
<p><span class="bjh-p">每一个环境刺激，都会在大脑内建造细胞间的网络连结，也就是一个&ldquo;突触&rdquo;。</span></p>
</div>
<div class="index-module_textWrap_3ygOc">
<p>&nbsp;</p>
</div>
<div class="index-module_mediaWrap_213jB">
<div class="index-module_contentImg_JmmC0"><img class="index-module_large_1mscr" src="https://t11.baidu.com/it/u=2476150525,2303153241&amp;fm=173&amp;app=25&amp;f=JPEG?w=639&amp;h=290&amp;s=0512E4338A9256D2034CACFF0300D021" width="639" /></div>
</div>
<div class="index-module_textWrap_3ygOc">
<p>&nbsp;</p>
</div>
<div class="index-module_textWrap_3ygOc">
<p><span class="bjh-p"><span class="bjh-strong">2-3岁婴儿的神经网络连结是一生最多的时候</span>，过了这个时期，就会开始一直修剪不需要的部分。</span></p>
</div>
<div class="index-module_textWrap_3ygOc">
<p>&nbsp;</p>
</div>
<div class="index-module_textWrap_3ygOc">
<p><span class="bjh-p">就像从家里去到学校，可能有许多小巷子可以走，可是绕来绕去其实比门口有条直行通往学校的大马路慢多了。</span></p>
</div>
<div class="index-module_textWrap_3ygOc">
<p>&nbsp;</p>
</div>
<div class="index-module_textWrap_3ygOc">
<p><span class="bjh-p">大脑的发展会去掉这种没效率的、没有被重复的连结。因此随着刺激、经验，有效率的连结会被建立，无效的连结会消失。</span></p>
</div>
<div class="index-module_textWrap_3ygOc">
<p>&nbsp;</p>
</div>
<div class="index-module_textWrap_3ygOc">
<p><span class="bjh-p">下图为新生儿到2岁婴儿脑部突触示意图，及与成年人的比较：</span></p>
</div>
<div class="index-module_textWrap_3ygOc">
<p>&nbsp;</p>
</div>
<div class="index-module_mediaWrap_213jB">
<div class="index-module_contentImg_JmmC0"><img class="index-module_large_1mscr" src="https://t10.baidu.com/it/u=57806832,2037688505&amp;fm=173&amp;app=25&amp;f=JPEG?w=620&amp;h=347&amp;s=5300F6061ADD48DE5A1FE46A0300707B" width="620" /></div>
</div>
<div class="index-module_textWrap_3ygOc">
<p>&nbsp;</p>
</div>
<div class="index-module_textWrap_3ygOc">
<p><span class="bjh-p">所以我们说一个人的脑部发达，其实不是他的脑细胞数量比较多（事实上，每个人的脑细胞数量都差不多），指的是<span class="bjh-strong">这个人的脑细胞连结比较多</span>，<span class="bjh-strong">而且是有效连结。</span></span></p>
</div>
<div class="index-module_textWrap_3ygOc">
<p>&nbsp;</p>
</div>
<div class="index-module_textWrap_3ygOc">
<p><span class="bjh-p">因此，对于3岁前的宝宝，<span class="bjh-strong">家长应该让他多去看、去听、去触摸、去爬，去使用各种感官在活动过程中得到刺激</span>，使大脑的神经突触能大量连结与生长。</span></p>
</div>
<div class="index-module_textWrap_3ygOc">
<p>&nbsp;</p>
</div>
<div class="index-module_textWrap_3ygOc">
<p><span class="bjh-p">当大脑得到许多感觉、经验后，会进行整理并适时调节感觉讯息，这就是&ldquo;感觉统合&rdquo;的一部分，也就是我们所说的感统。</span></p>
</div>
<div class="index-module_textWrap_3ygOc">
<p>&nbsp;</p>
</div>
<div class="index-module_mediaWrap_213jB">
<div class="index-module_contentImg_JmmC0"><img class="index-module_large_1mscr" src="https://t12.baidu.com/it/u=1210301015,334647484&amp;fm=173&amp;app=25&amp;f=JPEG?w=640&amp;h=106" width="640" /></div>
</div>
<div class="index-module_textWrap_3ygOc">
<p><span class="bjh-p"><span class="bjh-strong">怎样给孩子做感统训练？</span></span></p>
</div>
<div class="index-module_textWrap_3ygOc">
<p>&nbsp;</p>
</div>
<div class="index-module_textWrap_3ygOc">
<p><span class="bjh-p">闺蜜家四岁的男宝，因为注意力不集中，语言表达不流畅。去儿童医院，医生给出诊断：感统失调。</span></p>
</div>
<div class="index-module_textWrap_3ygOc">
<p>&nbsp;</p>
</div>
<div class="index-module_textWrap_3ygOc">
<p><span class="bjh-p">闺蜜一咬牙，给儿子报了感统班。老师一对一训练 ，一节课500RMB，一口气买了66节课&hellip;&hellip;交完费给我发微信抱怨养孩子就是养一台碎钞机。</span></p>
</div>
<div class="index-module_textWrap_3ygOc">
<p>&nbsp;</p>
</div>
<div class="index-module_textWrap_3ygOc">
<p><span class="bjh-p">其实感统训练，从一出生就可以开始了。早期锻炼做好了，没有必要像我闺蜜这样，花着高昂的学费去练感统。</span></p>
</div>
<div class="index-module_textWrap_3ygOc">
<p>&nbsp;</p>
</div>
<div class="index-module_mediaWrap_213jB">
<div class="index-module_contentImg_JmmC0"><img class="index-module_large_1mscr" src="https://t12.baidu.com/it/u=145181612,1869110724&amp;fm=173&amp;app=25&amp;f=JPEG?w=640&amp;h=426&amp;s=F59A3F9F17216D1122E944E90300F079" width="640" /></div>
</div>
<div class="index-module_textWrap_3ygOc">
<p>&nbsp;</p>
</div>
<div class="index-module_textWrap_3ygOc">
<p><span class="bjh-p"><span class="bjh-strong">1. 训练动作协调及感觉统合</span></span></p>
</div>
<div class="index-module_textWrap_3ygOc">
<p>&nbsp;</p>
</div>
<div class="index-module_textWrap_3ygOc">
<p><span class="bjh-p">日常生活中，别让孩子长时间在单调的环境，并且放手放让宝宝去尝试。</span></p>
</div>
<div class="index-module_textWrap_3ygOc">
<p>&nbsp;</p>
</div>
<div class="index-module_textWrap_3ygOc">
<p><span class="bjh-p">例如：带宝宝出门时，如果他想自己走不想坐婴儿车，尽管他走得跌跌撞撞，最好还是由父母牵着，照他的想法，让他自己走、自己动、自己探索，可以达到最好的感觉统合效果。</span></p>
</div>
<div class="index-module_textWrap_3ygOc">
<p>&nbsp;</p>
</div>
<div class="index-module_textWrap_3ygOc">
<p><span class="bjh-p"><span class="bjh-strong">2. 帮助孩子认知和学习</span></span></p>
</div>
<div class="index-module_textWrap_3ygOc">
<p>&nbsp;</p>
</div>
<div class="index-module_textWrap_3ygOc">
<p><span class="bjh-p">所谓的&ldquo;认知&rdquo;，其实就是经验的累积。当孩子的行为符合环境需求，就会形成基本的经验，这些经验会根据环境背景，透过持续连结而形成知识，也就是&ldquo;认知能力&rdquo;，认知能力能帮助孩子对不同的环境有良好的判断跟适应。</span></p>
</div>
<div class="index-module_textWrap_3ygOc">
<p>&nbsp;</p>
</div>
<div class="index-module_mediaWrap_213jB">
<div class="index-module_contentImg_JmmC0"><img class="index-module_large_1mscr" src="https://t11.baidu.com/it/u=2578295440,527741987&amp;fm=173&amp;app=25&amp;f=JPEG?w=640&amp;h=441&amp;s=E4A005F1480106DC0711B40E0300B010" width="640" /></div>
</div>
<div class="index-module_textWrap_3ygOc">
<p>&nbsp;</p>
</div>
<div class="index-module_textWrap_3ygOc">
<p><span class="bjh-p"><span class="bjh-strong">认知发展与生活经验有关</span>，给孩子越多的生活经验，他就有越多的适应性反应，这些适应性反应都是认知的基础。</span></p>
</div>
<div class="index-module_textWrap_3ygOc">
<p>&nbsp;</p>
</div>
<div class="index-module_textWrap_3ygOc">
<p><span class="bjh-p">这也是大家常说的，为什么常带孩子去旅行的家庭，孩子往往越有见识。因为这些孩子的生活经验更为丰富，能更好地适应不同的环境状况，做出最适当的反应。</span></p>
</div>
<div class="index-module_textWrap_3ygOc">
<p>&nbsp;</p>
</div>
<div class="index-module_textWrap_3ygOc">
<p><span class="bjh-p"><span class="bjh-strong">3. 释放情绪和压力</span></span></p>
</div>
<div class="index-module_textWrap_3ygOc">
<p>&nbsp;</p>
</div>
<div class="index-module_textWrap_3ygOc">
<p><span class="bjh-p">在运动的过程中，<span class="bjh-strong">大脑会分泌多巴胺、血清素、正肾上腺素等，有助于大脑连结的稳定</span>。因此，运动量多的孩子，情绪一般也比较稳定。</span></p>
</div>
<div class="index-module_textWrap_3ygOc">
<p>&nbsp;</p>
</div>
<div class="index-module_textWrap_3ygOc">
<p><span class="bjh-p">情绪稳定的孩子对于观察的事物、或是大人给予的指令会有比较正面的处理方式、遇到挫折也比较愿意再尝试，不会因为事情不顺他的意而发脾气。</span></p>
</div>
<div class="index-module_textWrap_3ygOc">
<p>&nbsp;</p>
</div>
<div class="index-module_textWrap_3ygOc">
<p><span class="bjh-p"><span class="bjh-strong">4. 训练肌肉耐力、提高专注力</span></span></p>
</div>
<div class="index-module_textWrap_3ygOc">
<p>&nbsp;</p>
</div>
<div class="index-module_textWrap_3ygOc">
<p><span class="bjh-p">运动时，肌肉会产生收缩，得到训练，肌肉有力量，孩子才能坐得住、不会弯腰驼背，有助于学习的专注。</span></p>
</div>
<div class="index-module_textWrap_3ygOc">
<p>&nbsp;</p>
</div>
<div class="index-module_textWrap_3ygOc">
<p><span class="bjh-p">当孩子的肌肉耐力不足，容易坐不住，特别是总怕孩子累着，让孩子坐在婴儿车上，推着走。</span></p>
</div>
<div class="index-module_textWrap_3ygOc">
<p>&nbsp;</p>
</div>
<div class="index-module_textWrap_3ygOc">
<p><span class="bjh-p">长期如此，不需要用力，大脑将减少血液输送养分到肌肉，造成孩子的力量不够、耐力不足，甚至造成学习障碍。</span></p>
</div>
<div class="index-module_mediaWrap_213jB">
<div class="index-module_contentImg_JmmC0"><img class="index-module_large_1mscr" src="https://t10.baidu.com/it/u=195156366,244989914&amp;fm=173&amp;app=25&amp;f=JPEG?w=640&amp;h=106" width="640" /></div>
</div>
<div class="index-module_textWrap_3ygOc">
<p><span class="bjh-p"><span class="bjh-strong">怎样提升宝宝智力？</span></span></p>
</div>
<div class="index-module_textWrap_3ygOc">
<p>&nbsp;</p>
</div>
<div class="index-module_textWrap_3ygOc">
<p><span class="bjh-p"><span class="bjh-strong">1. 培养孩子对事物感兴趣及喜爱的能力</span></span></p>
</div>
<div class="index-module_textWrap_3ygOc">
<p>&nbsp;</p>
</div>
<div class="index-module_textWrap_3ygOc">
<p><span class="bjh-p">大脑在接收信息后，会自动把这个信息贴上一个标签，喜欢或不喜欢。<span class="bjh-strong">对于不喜欢的事物，大脑的理解、思考和记忆等功能</span><span class="bjh-strong">就无法完全运作</span><span class="bjh-strong">。</span></span></p>
</div>
<div class="index-module_textWrap_3ygOc">
<p>&nbsp;</p>
</div>
<div class="index-module_textWrap_3ygOc">
<p><span class="bjh-p">因此要<span class="bjh-strong">充分刺激大脑</span>，就必须<span class="bjh-strong">引导孩子对新鲜事物保持浓厚兴趣，喜欢尝试</span>。大脑也就会发挥最大的运作能力。</span></p>
</div>
<div class="index-module_textWrap_3ygOc">
<p>&nbsp;</p>
</div>
<div class="index-module_mediaWrap_213jB">
<div class="index-module_contentImg_JmmC0"><img class="index-module_large_1mscr" src="https://t11.baidu.com/it/u=735222700,3386763673&amp;fm=173&amp;app=25&amp;f=JPEG?w=640&amp;h=427&amp;s=C942DF18030067530B40BDFF0300F020" width="640" /></div>
</div>
<div class="index-module_textWrap_3ygOc">
<p>&nbsp;</p>
</div>
<div class="index-module_textWrap_3ygOc">
<p><span class="bjh-p">从脑医学的角度上来说，对什么事物都提不起兴趣的孩子，无论在运动或学习上，都无法充分发挥应有的实力。</span></p>
</div>
<div class="index-module_textWrap_3ygOc">
<p>&nbsp;</p>
</div>
<div class="index-module_textWrap_3ygOc">
<p><span class="bjh-p"><span class="bjh-strong">2. 训练孩子学会聆听</span></span></p>
</div>
<div class="index-module_textWrap_3ygOc">
<p>&nbsp;</p>
</div>
<div class="index-module_textWrap_3ygOc">
<p><span class="bjh-p">神经群中掌管感情的一部份，在情绪活动下会<span class="bjh-strong">提高判断力与理解力</span>。当听到别人的话或接触新事物有所触动时，就能充分发挥大脑的能力。</span></p>
</div>
<div class="index-module_textWrap_3ygOc">
<p>&nbsp;</p>
</div>
<div class="index-module_textWrap_3ygOc">
<p><span class="bjh-p">相反，如果凡事都不屑一顾，这种态度对大脑的发展来说非常不好。</span></p>
</div>
<div class="index-module_textWrap_3ygOc">
<p>&nbsp;</p>
</div>
<div class="index-module_textWrap_3ygOc">
<p><span class="bjh-p">培养孩子养成对任何事情都认真聆听的习惯，可以告诉孩子&ldquo;可能会听到有趣的事情哦&rdquo;、&ldquo;可能会学到我们不知道的新知识呢&rdquo;。</span></p>
</div>
<div class="index-module_textWrap_3ygOc">
<p>&nbsp;</p>
</div>
<div class="index-module_mediaWrap_213jB">
<div class="index-module_contentImg_JmmC0"><img class="index-module_large_1mscr" src="https://t11.baidu.com/it/u=570270589,1202134716&amp;fm=173&amp;app=25&amp;f=JPEG?w=639&amp;h=426&amp;s=7184FD1F43B077920AA8D1FF03005063" width="639" /></div>
</div>
<div class="index-module_textWrap_3ygOc">
<p>&nbsp;</p>
</div>
<div class="index-module_textWrap_3ygOc">
<p><span class="bjh-p">对听到的事情，家长可以带头表示&ldquo;好棒哦&rdquo;、&ldquo;很有趣呢&rdquo;，培养孩子感动的能力。</span></p>
</div>
<div class="index-module_textWrap_3ygOc">
<p>&nbsp;</p>
</div>
<div class="index-module_textWrap_3ygOc">
<p><span class="bjh-p"><span class="bjh-strong">3. 培养孩子全力以赴的个性</span></span></p>
</div>
<div class="index-module_textWrap_3ygOc">
<p>&nbsp;</p>
</div>
<div class="index-module_textWrap_3ygOc">
<p><span class="bjh-p">很多人会觉得，孩子还这么小，做事情何必这么认真呢？<span class="bjh-strong">这样的态度很容易让大脑发展停滞。</span></span></p>
</div>
<div class="index-module_textWrap_3ygOc">
<p>&nbsp;</p>
</div>
<div class="index-module_textWrap_3ygOc">
<p><span class="bjh-p">培养孩子对任何事情，全力以赴的态度，能最大程度让大脑发挥功能。</span></p>
</div>
<div class="index-module_textWrap_3ygOc">
<p>&nbsp;</p>
</div>
<div class="index-module_textWrap_3ygOc">
<p><span class="bjh-p">其实就算是每天晚上，要求孩子自己收拾好玩具这种小事，也可以达到这种功效，比如一开始只要收好，到后来慢慢要求分类，都是逐渐设定目标，然后让孩子全力以赴完成。</span></p>
</div>
<div class="index-module_textWrap_3ygOc">
<p>&nbsp;</p>
</div>
<div class="index-module_mediaWrap_213jB">
<div class="index-module_contentImg_JmmC0"><img class="index-module_large_1mscr" src="https://t11.baidu.com/it/u=853560535,1582568358&amp;fm=173&amp;app=25&amp;f=JPEG?w=640&amp;h=426&amp;s=7CBA2FD7C2317D984A364CE40300703A" width="640" /></div>
</div>
<div class="index-module_textWrap_3ygOc">
<p>&nbsp;</p>
</div>
<div class="index-module_textWrap_3ygOc">
<p><span class="bjh-p">要有不管面对多大、多小的事情，都能不偷懒、全力以赴的态度，才能将大脑的能力发挥得淋漓尽致。</span></p>
</div>
<div class="index-module_textWrap_3ygOc">
<p>&nbsp;</p>
</div>
<div class="index-module_textWrap_3ygOc">
<p><span class="bjh-p">否则没有主动去做、并要设法完成的态度，如果一遇到困难，家长就立刻插手给予帮助，大脑就无法充分表现能力。</span></p>
</div>
<div class="index-module_mediaWrap_213jB">
<div class="index-module_contentImg_JmmC0"><img class="index-module_large_1mscr" src="https://t11.baidu.com/it/u=1553129740,2712390752&amp;fm=173&amp;app=25&amp;f=JPEG?w=640&amp;h=106" width="640" /></div>
</div>
<div class="index-module_textWrap_3ygOc">
<p><span class="bjh-p"><span class="bjh-strong">6招教你</span><span class="bjh-strong">成为宝宝大脑发育的有力支援</span></span></p>
</div>
<div class="index-module_textWrap_3ygOc">
<p>&nbsp;</p>
</div>
<div class="index-module_textWrap_3ygOc">
<p><span class="bjh-p"><span class="bjh-strong">1. 充分给予关爱</span></span></p>
</div>
<div class="index-module_textWrap_3ygOc">
<p>&nbsp;</p>
</div>
<div class="index-module_textWrap_3ygOc">
<p><span class="bjh-p">孩子在0-3岁时如果没有获得足够的疼爱，就无法均衡发展生存本能，大脑为了保护自己，会让保护的本能反应过度。</span></p>
</div>
<div class="index-module_textWrap_3ygOc">
<p>&nbsp;</p>
</div>
<div class="index-module_textWrap_3ygOc">
<p><span class="bjh-p">很多人认为宝宝哭泣时，不可以太宠，放任孩子哭一会而就停了，其实这是不正确的。</span></p>
</div>
<div class="index-module_textWrap_3ygOc">
<p>&nbsp;</p>
</div>
<div class="index-module_textWrap_3ygOc">
<p><span class="bjh-p">对于还不会说话的宝宝而言，<span class="bjh-strong">&ldquo;哭泣&rdquo;是和爸妈建立沟通的方式，如果爸妈不理会，宝宝就感受不到爸妈的关爱</span>。</span></p>
</div>
<div class="index-module_textWrap_3ygOc">
<p>&nbsp;</p>
</div>
<div class="index-module_mediaWrap_213jB">
<div class="index-module_contentImg_JmmC0"><img class="index-module_large_1mscr" src="https://t10.baidu.com/it/u=622979445,1079760335&amp;fm=173&amp;app=25&amp;f=JPEG?w=640&amp;h=427&amp;s=7DDA6F9E1C72719E81B954620300B071" width="640" /></div>
</div>
<div class="index-module_textWrap_3ygOc">
<p>&nbsp;</p>
</div>
<div class="index-module_textWrap_3ygOc">
<p><span class="bjh-p">因此，宝宝一旦哭了，一定要抱孩子并柔声安抚，不能让宝宝觉得很孤单、没人疼的感觉。</span></p>
</div>
<div class="index-module_textWrap_3ygOc">
<p>&nbsp;</p>
</div>
<div class="index-module_textWrap_3ygOc">
<p><span class="bjh-p">所以爸妈要确实将自己的爱传达给孩子，要不断和宝宝有肌肤接触或说话，并以开朗的表情对小宝宝，尽可能多露出笑容。</span></p>
</div>
<div class="index-module_textWrap_3ygOc">
<p>&nbsp;</p>
</div>
<div class="index-module_textWrap_3ygOc">
<p><span class="bjh-p"><span class="bjh-strong">2. 不说否定字眼</span></span></p>
</div>
<div class="index-module_textWrap_3ygOc">
<p>&nbsp;</p>
</div>
<div class="index-module_textWrap_3ygOc">
<p><span class="bjh-p">面对困难、辛苦的事情时，人常会脱口而出&ldquo;没办法吧&rdquo;、&ldquo;办不到&rdquo;，这类否定的话，然后大脑就会对这件事情，贴上一个负面标签，于是思考力与记忆力都会自动降低。</span></p>
</div>
<div class="index-module_textWrap_3ygOc">
<p>&nbsp;</p>
</div>
<div class="index-module_textWrap_3ygOc">
<p><span class="bjh-p"><span class="bjh-strong">经常鼓励孩子、对孩子认真的付出表示赞美，</span>不让孩子陷入负面思考。</span></p>
</div>
<div class="index-module_textWrap_3ygOc">
<p>&nbsp;</p>
</div>
<div class="index-module_mediaWrap_213jB">
<div class="index-module_contentImg_JmmC0"><img class="index-module_large_1mscr" src="https://t10.baidu.com/it/u=332679927,1342799829&amp;fm=173&amp;app=25&amp;f=JPEG?w=628&amp;h=314&amp;s=BDAAFF16CC635103026CF5FD03004063" width="628" /></div>
</div>
<div class="index-module_textWrap_3ygOc">
<p>&nbsp;</p>
</div>
<div class="index-module_textWrap_3ygOc">
<p><span class="bjh-p">当孩子主动面对难题时，爸妈在一旁可以帮忙先整理什么是孩子做得到的、哪些是孩子可能做不到的，确定目标后，陪着孩子，一起想怎么克服困难去完成，这就是激发大脑实力最好的练习。</span></p>
</div>
<div class="index-module_textWrap_3ygOc">
<p>&nbsp;</p>
</div>
<div class="index-module_textWrap_3ygOc">
<p><span class="bjh-p"><span class="bjh-strong">3. 常常称赞</span></span></p>
</div>
<div class="index-module_textWrap_3ygOc">
<p>&nbsp;</p>
</div>
<div class="index-module_textWrap_3ygOc">
<p><span class="bjh-p">对于0-3岁的孩子，父母要尽量赞美。就算出了一些状况，失败了，也要鼓励&ldquo;没关系，再来一次，一定可以做到哦&rdquo;这样，孩子的脑神经细胞会充满活力。</span></p>
</div>
<div class="index-module_textWrap_3ygOc">
<p>&nbsp;</p>
</div>
<div class="index-module_textWrap_3ygOc">
<p><span class="bjh-p">相反，要是孩子在小时候经常被骂，大脑中自我保护的本能很容易反应过度。孩子会心想：&ldquo;我一失败就惹大人生气，那我就尽量少做、少失败&rdquo;。</span></p>
</div>
<div class="index-module_textWrap_3ygOc">
<p>&nbsp;</p>
</div>
<div class="index-module_textWrap_3ygOc">
<p><span class="bjh-p">于是失去了面对新挑战的精神，或是想办法隐藏失败，变成不肯承认过错的小孩。</span></p>
</div>
<div class="index-module_textWrap_3ygOc">
<p>&nbsp;</p>
</div>
<div class="index-module_textWrap_3ygOc">
<p><span class="bjh-p"><span class="bjh-strong">4. 不要阻止孩子在做的事情</span></span></p>
</div>
<div class="index-module_textWrap_3ygOc">
<p>&nbsp;</p>
</div>
<div class="index-module_textWrap_3ygOc">
<p><span class="bjh-p">0-3岁的婴幼儿大脑开始觉得感兴趣是件好事、喜欢一件事的感觉真好，因此千万不要阻止孩子接触感兴趣与关心的事物。</span></p>
</div>
<div class="index-module_textWrap_3ygOc">
<p>&nbsp;</p>
</div>
<div class="index-module_textWrap_3ygOc">
<p><span class="bjh-p">当孩子因为有兴趣而伸出手时，大人是不是常会说&ldquo;不行&rdquo;然后把东西拿走，如果多次碰上这种状况的话，孩子可能认为新事物是不被大人认可的，会排斥新事物。</span></p>
</div>
<div class="index-module_textWrap_3ygOc">
<p>&nbsp;</p>
</div>
<div class="index-module_textWrap_3ygOc">
<p><span class="bjh-p">要充分培养孩子求知的本能，<span class="bjh-strong">就该让0-3岁的孩子尽量自由做任何事</span>；父母该做的是把真正会造成危险的东西收好，或是在旁陪伴注意，看护好孩子，在父母设定安全的环境下，就让孩子尽可能自己探索环境，培养孩子的求知欲。</span></p>
</div>
<div class="index-module_textWrap_3ygOc">
<p>&nbsp;</p>
</div>
<div class="index-module_textWrap_3ygOc">
<p><span class="bjh-p"><span class="bjh-strong">5. 用孩子的角度跟孩子一起游戏</span></span></p>
</div>
<div class="index-module_textWrap_3ygOc">
<p>&nbsp;</p>
</div>
<div class="index-module_textWrap_3ygOc">
<p><span class="bjh-p">要培养孩子的大脑、锻炼脑神经细胞本能，最有效的方法就是一起玩。</span></p>
</div>
<div class="index-module_textWrap_3ygOc">
<p>&nbsp;</p>
</div>
<div class="index-module_mediaWrap_213jB">
<div class="index-module_contentImg_JmmC0"><img class="index-module_large_1mscr" src="https://t10.baidu.com/it/u=1449500799,902497651&amp;fm=173&amp;app=25&amp;f=JPEG?w=639&amp;h=402&amp;s=3048FA155A60729C0519C4EA0300C023" width="639" /></div>
</div>
<div class="index-module_textWrap_3ygOc">
<p>&nbsp;</p>
</div>
<div class="index-module_textWrap_3ygOc">
<p><span class="bjh-p">父母一定要把自己当成孩子，认真地玩游戏。如果家长开始觉得无趣、厌烦，孩子会敏锐地察觉，所以务必要集中精神，观察自己的孩子对哪些事有兴趣。</span></p>
</div>
<div class="index-module_textWrap_3ygOc">
<p>&nbsp;</p>
</div>
<div class="index-module_textWrap_3ygOc">
<p><span class="bjh-p"><span class="bjh-strong">6. 随时保持愉快地沟通</span></span></p>
</div>
<div class="index-module_textWrap_3ygOc">
<p>&nbsp;</p>
</div>
<div class="index-module_textWrap_3ygOc">
<p><span class="bjh-p">就算在孩子还不懂得语言的阶段，也可以让他听到开朗的语气和笑声，露出笑容，达到沟通的目的。充满关爱地凝视孩子双眼、与他交谈，就能培养他日后积极与人沟通的能力。</span></p>
</div>
<div class="index-module_textWrap_3ygOc">
<p>&nbsp;</p>
</div>
<div class="index-module_textWrap_3ygOc">
<p><span class="bjh-p">0-3岁孩子与父母沟通的方式是锻炼他日后跟同伴沟通方式的关键，记得随时要与孩子保持愉快的沟通。</span></p>
</div>
<div class="index-module_textWrap_3ygOc">
<p>&nbsp;</p>
</div>
<div class="index-module_textWrap_3ygOc">
<p><span class="bjh-p"><span class="bjh-strong">最后给大家划个重点</span></span></p>
</div>
<div class="index-module_textWrap_3ygOc">
<p>&nbsp;</p>
</div>
<div class="index-module_textWrap_3ygOc">
<p><span class="bjh-p">1.&nbsp;<span class="bjh-strong">负面环境因素</span>（包括：受虐,忽略不理等）<span class="bjh-strong">会对大脑发育产生负面影响</span>。</span></p>
</div>
<div class="index-module_textWrap_3ygOc">
<p>&nbsp;</p>
</div>
<div class="index-module_textWrap_3ygOc">
<p><span class="bjh-p">2. 虽然脑部具有终生可塑性，但大脑发育的确存在&ldquo;敏感期&rdquo;，<span class="bjh-strong">婴幼儿期就是重要敏感期。</span></span></p>
</div>
<div class="index-module_textWrap_3ygOc">
<p>&nbsp;</p>
</div>
<div class="index-module_textWrap_3ygOc">
<p><span class="bjh-p">3.&nbsp;<span class="bjh-strong">充足的营养是脑部发育必需的</span>，缺乏某些元素会使脑部发育不良，如铁、脂肪等。</span></p>
</div>
<div class="index-module_textWrap_3ygOc">
<p>&nbsp;</p>
</div>
<div class="index-module_textWrap_3ygOc">
<p><span class="bjh-p">4. &ldquo;人&rdquo;的刺激优于&ldquo;物&rdquo;的刺激，所以家人互动一定会比电视、电子产品、或玩具好。</span></p>
</div>
<div class="index-module_textWrap_3ygOc">
<p>&nbsp;</p>
</div>
<div class="index-module_textWrap_3ygOc">
<p><span class="bjh-p">5. 有来有往、一来一去的<span class="bjh-strong">游戏互</span><span class="bjh-strong">动</span>，比任何昂贵的玩具更好。</span></p>
</div>
<div class="index-module_textWrap_3ygOc">
<p>&nbsp;</p>
</div>
<div class="index-module_textWrap_3ygOc">
<p><span class="bjh-p">6. 孩子的大脑很早在三个月大时，就可以辨识父母的情绪，温暖平静比紧张焦虑好。忧郁、焦虑等负向情绪有负面影响。</span></p>
</div>
<div class="index-module_textWrap_3ygOc">
<p>&nbsp;</p>
</div>
<div class="index-module_textWrap_3ygOc">
<p><span class="bjh-p">7. 花时间<span class="bjh-strong">了解每一个孩子的独特性</span>，比到处找专家好。</span></p>
</div>
<div class="index-module_textWrap_3ygOc">
<p>&nbsp;</p>
</div>
<div class="index-module_textWrap_3ygOc">
<p><span class="bjh-p">环境的刺激是小朋友成长过程中不可或缺的要素。父母亲的陪伴，简单的呵护拥抱、安抚、说话、唱歌，并加入触摸积木、认识彩色物体的活动，都能对孩子的反应接收、感觉统合产生刺激，有助于未来在学校的表现，包括和同学老师的相处，学习能力。</span></p>
</div>
<div class="index-module_textWrap_3ygOc">
<p>&nbsp;</p>
</div>
<div class="index-module_mediaWrap_213jB">
<div class="index-module_contentImg_JmmC0"><img class="index-module_large_1mscr" src="https://t11.baidu.com/it/u=4039205527,1851376998&amp;fm=173&amp;app=25&amp;f=JPEG?w=640&amp;h=427&amp;s=23E0DB100A307F96CE85D8C60300A062" width="640" /></div>
</div>
<div class="index-module_textWrap_3ygOc">
<p>&nbsp;</p>
</div>
<div class="index-module_textWrap_3ygOc">
<p><span class="bjh-p">除了要让宝宝在黄金成长期补充足够的关键营养，<span class="bjh-strong">也要让孩子在充满爱与安全感的环境下互动、接收刺激，有好的学习认知能力</span>，其未来自然充满无限可能。</span></p>
</div>
<div class="index-module_textWrap_3ygOc">
<p>&nbsp;</p>
</div>
<div class="index-module_textWrap_3ygOc">
<p><span class="bjh-p">简单地说：<span class="bjh-strong">其实对孩子大脑发育最好的工具就是父母。</span></span></p>
</div>
<div class="index-module_textWrap_3ygOc">
<p>&nbsp;</p>
</div>
<div class="index-module_textWrap_3ygOc">
<p><span class="bjh-p"><span class="bjh-strong">参考文献</span></span></p>
</div>
<div class="index-module_textWrap_3ygOc">
<p><span class="bjh-ul"><span class="bjh-li"><span class="bjh-p">https://www.adam-mila.com/brain-development-children-0-6-years/</span></span><span class="bjh-li"><span class="bjh-p">http://www.urbanchildinstitute.org/why-0-3/baby-and-brain</span></span><span class="bjh-li"><span class="bjh-p">https://www.ncbi.nlm.nih.gov/pmc/articles/PMC3511633/</span></span></span></p>
</div>',1,'前几天，在我们读者群里，有个妈妈这么问：“米粒妈，我听说3岁前的大脑发育是关键期，我儿子现在1岁半，可是我根本不知道该怎样引导他。”


“在大脑发育的黄金时期，怎么样让孩子越来越聪明？”这是所有妈妈都关注的问题。


过去医学界的概念是：出生定成败，因为脑细胞的数量在出生后就不会再改变了。


不过这种理论很快被推翻，现在医学界流行观点是：脑部发展不是“天注定”，后天条件一样重要。


决定脑部发展的后天关键因素有两大项：

是否摄取足够的关键成长营养素
是否接受多元且适当的刺激

哪些食物是大脑发育所需的营养？米粒妈之前的文章《聪明是吃出来的！这样吃，妥妥吃出高智商！》有详细的介绍。

今天米粒妈讲讲，什么样的后天刺激，让宝宝拥有高智商！',0,1,0,'2021-04-19 11:13:12.000','2021-05-13 10:38:10.980')
,('1383982249212915714','我研究了全球排名第一的新加坡教育，才发现孩子的数学启蒙原来可以这样学！',' 暖暖妈爱分享','<p>01</p>
<p><strong>数学绝不等于算术</strong></p>
<p class="ztext-empty-paragraph">&nbsp;</p>
<p>提起中国的数学启蒙教育，绝大多数人的记忆都是强行记忆和题海战术。幼儿园的时候，掰手指头算10以内的加减法，小学开始学20以内的加减法，然后是二年级开始的乘除法，到后来的四则混合运算。</p>
<p class="ztext-empty-paragraph">&nbsp;</p>
<p>&nbsp;</p>
<figure data-size="normal"><img class="origin_image zh-lightbox-thumb lazy" src="https://pic2.zhimg.com/80/v2-8657fed7ecdff7be8e41e08c2bb87bbd_720w.jpg" width="600" data-rawwidth="600" data-caption="" data-size="normal" data-rawheight="597" data-original="https://pic2.zhimg.com/v2-8657fed7ecdff7be8e41e08c2bb87bbd_r.jpg" data-actualsrc="https://pic2.zhimg.com/v2-8657fed7ecdff7be8e41e08c2bb87bbd_b.jpg" data-lazy-status="ok" /></figure>
<p>&nbsp;</p>
<p class="ztext-empty-paragraph">&nbsp;</p>
<p>很多孩子，在小时候还能考数学满分，等到高年级开始学方程、代数，有的人就已经开始吃力了。再到之后的函数、立体几何以及大学阶段的微积分、数学应用，基本上就完全晕菜了。</p>
<p><strong>&nbsp;</strong></p>
<p><strong>现在国内很多家长们以为孩子会算术、加减法做得快，就是数学好，这恰恰是对数学最大的误解。</strong></p>
<p>我曾经写过一篇《数学天赋不好的我，是如何给孩子进行数学启蒙的》，里面提到了我关于数学启蒙的核心观点：<strong>数学不只是一门学科，更是一种综合的思维模式。计算的问题，终究可以依靠计算器解决，但逻辑思维、空间想象、分类归纳、统计等等，才是数学范畴内最容易被忽略的部分。</strong>我们往往把计算的能力看得太重，而忽略了其他方面的能力培养。</p>
<p class="ztext-empty-paragraph">&nbsp;</p>
<p>02</p>
<p><strong>新加坡数学独有的CPA教学法</strong></p>
<p class="ztext-empty-paragraph">&nbsp;</p>
<p>在之前那篇关于新加坡教育的文章里我提过，<strong>建模思维是新加坡数学最重要的特色</strong><strong>。</strong>通过建模，可以将复杂的数学问题简化成形象直观的计算方式，让孩子更容易地理解。</p>
<p class="ztext-empty-paragraph">&nbsp;</p>
<p>&nbsp;</p>
<figure data-size="normal"><img class="origin_image zh-lightbox-thumb lazy" src="https://pic1.zhimg.com/80/v2-8fb14c38ebdf04df385327f4d880e178_720w.jpg" width="856" data-rawwidth="856" data-caption="" data-size="normal" data-rawheight="480" data-original="https://pic1.zhimg.com/v2-8fb14c38ebdf04df385327f4d880e178_r.jpg" data-actualsrc="https://pic1.zhimg.com/v2-8fb14c38ebdf04df385327f4d880e178_b.jpg" data-lazy-status="ok" /></figure>
<p>&nbsp;</p>
<p class="ztext-empty-paragraph">&nbsp;</p>
<p><strong>举个大家都能理解的例子。</strong>几乎全世界的幼儿园教数学，都会从1个橘子+2个橘子等于3个橘子开始，这叫<strong>具象</strong>。而学完橘子，老师就会教1+2=3。123都是数字符号，这叫<strong>抽象</strong>。而新加坡的数学，正是在橘子到数字符号之间，增加了一步<strong>形象</strong>化的图形符号。这个过程，就是<strong>建模的开始</strong>。</p>
<p class="ztext-empty-paragraph">&nbsp;</p>
<p>&nbsp;</p>
<figure data-size="normal"><img class="content_image lazy" src="https://pic4.zhimg.com/80/v2-c04fbdfe98dc38f9a47eeff4af88dd33_720w.jpg" width="407" data-rawwidth="407" data-caption="" data-size="normal" data-rawheight="215" data-actualsrc="https://pic4.zhimg.com/v2-c04fbdfe98dc38f9a47eeff4af88dd33_b.jpg" data-lazy-status="ok" /></figure>
<p>&nbsp;</p>
<p class="ztext-empty-paragraph">&nbsp;</p>
<p>这种建模的教学法叫<strong>CPA教学法</strong>，在新加坡的幼儿园和小学的数学中用得非常广泛。</p>
<p>&nbsp;</p>
<figure data-size="normal"><img class="origin_image zh-lightbox-thumb lazy" src="https://pic4.zhimg.com/80/v2-85cb8aac35295bae5b114990e04b5443_720w.jpg" width="639" data-rawwidth="639" data-caption="" data-size="normal" data-rawheight="137" data-original="https://pic4.zhimg.com/v2-85cb8aac35295bae5b114990e04b5443_r.jpg" data-actualsrc="https://pic4.zhimg.com/v2-85cb8aac35295bae5b114990e04b5443_b.jpg" data-lazy-status="ok" /></figure>
<p>&nbsp;</p>
<p class="ztext-empty-paragraph">&nbsp;</p>
<p><strong>C - Concrete，也就是具象化</strong></p>
<p>具象化主要就是使用<strong>数学教具</strong>，这块主要用来培养孩子的数感。</p>
<p>这就是之前说的1个橘子+2个橘子=3个橘子的过程。这个物化的过程，让运算有可触摸可参照的对象，孩子很容易理解。但是这样的具象化学习是有局限的，只能做基础的加减运算，稍稍复杂的乘除，用实物解释起来就不够方便了。</p>
<p><strong>P - Pictorial 也就是，形象化</strong></p>
<p>形象化，是通过图像符号，将问题表述出来，是为由形象向抽象过渡做准备。新加坡的数学基础教育的最大特点，就是强化了&ldquo;P-形象化&rdquo;这个过程，这个过程就是绘画建模（Model Drawing）。注重结果同时注重过程，给孩子不一样的解题思路。</p>
<p>&nbsp;</p>
<figure data-size="normal"><img class="content_image lazy" src="https://pic1.zhimg.com/80/v2-d8b3f310eb0472f4e8d14639ab7a4614_720w.jpg" width="411" data-rawwidth="411" data-caption="" data-size="normal" data-rawheight="550" data-actualsrc="https://pic1.zhimg.com/v2-d8b3f310eb0472f4e8d14639ab7a4614_b.jpg" data-lazy-status="ok" /></figure>
<p>&nbsp;</p>
<p class="ztext-empty-paragraph">&nbsp;</p>
<p>孩子可以根据图形的数量，将对应的数字填写好。</p>
<p>这种<strong>将问题图像化就是新加坡教学中的形象化教学思维。</strong></p>
<p class="ztext-empty-paragraph">&nbsp;</p>
<p><strong>A - Abstract 抽象化</strong></p>
<p>抽象化就是具体的建模了。建模将复杂的数学问题抽象为简单的数学图形，方便孩子理解。</p>
<p>&nbsp;</p>
<figure data-size="normal"><img class="origin_image zh-lightbox-thumb lazy" src="https://pic4.zhimg.com/80/v2-0245fc664f49e022870ec2a728a98d4f_720w.jpg" width="737" data-rawwidth="737" data-caption="" data-size="normal" data-rawheight="386" data-original="https://pic4.zhimg.com/v2-0245fc664f49e022870ec2a728a98d4f_r.jpg" data-actualsrc="https://pic4.zhimg.com/v2-0245fc664f49e022870ec2a728a98d4f_b.jpg" data-lazy-status="ok" /></figure>
<p>&nbsp;</p>
<p>将问题里的图像和数字用数学图形来表示，这就是建模的精髓。</p>
<p>再比如：</p>
<p>&nbsp;</p>
<figure data-size="normal"><img class="origin_image zh-lightbox-thumb lazy" src="https://pic1.zhimg.com/80/v2-0e614c37b3e2140be9eeabe52e7e72b0_720w.jpg" width="715" data-rawwidth="715" data-caption="" data-size="normal" data-rawheight="433" data-original="https://pic1.zhimg.com/v2-0e614c37b3e2140be9eeabe52e7e72b0_r.jpg" data-actualsrc="https://pic1.zhimg.com/v2-0e614c37b3e2140be9eeabe52e7e72b0_b.jpg" data-lazy-status="ok" /></figure>
<p>&nbsp;</p>
<p>由此就可以看出，<strong>化繁为简，把具象变换成抽象，是新加坡建模思维的基础</strong>，这样在数学图形的演示中，一眼就能理解什么是二分之一，什么是三分之一，孩子理解起来就会更加准确。</p>
<p>为了便于大家理解，我举个简单的例子：一年级的数学题，3个苹果和5个梨，一共有多少个水果？</p>
<p>中国教育体系下出来的小朋友，会直接通过数字来计算5+3 =8。</p>
<p>而新加坡数学中，会把苹果和梨用同样的方块（模块）来表示，而不是具象的水果，就可以让小朋友不用分心于区别苹果和梨，而这样就更注重了数学逻辑的训练。</p>
<p>&nbsp;</p>
<figure data-size="normal"><img class="content_image lazy" src="https://pic2.zhimg.com/80/v2-291224d023b1917cad00b0316b4f726d_720w.jpg" width="412" data-rawwidth="412" data-caption="" data-size="normal" data-rawheight="464" data-actualsrc="https://pic2.zhimg.com/v2-291224d023b1917cad00b0316b4f726d_b.jpg" data-lazy-status="ok" /></figure>
<p>&nbsp;</p>
<p>再举一个例子：</p>
<p>比如说，100+1怎么来算呢？所谓的&ldquo;+1&rdquo;实际上在数学启蒙的过程中是要往后数一个数，这可以给孩子形成加减的概念。</p>
<p>200-2的意思，就是从&ldquo;200&rdquo;这个数字开始，往前数两个数，就能得到想要的答案。</p>
<p>&nbsp;</p>
<figure data-size="normal"><img class="origin_image zh-lightbox-thumb lazy" src="https://pic4.zhimg.com/80/v2-360917943c3fd45532302867a0524ba3_720w.jpg" width="1080" data-rawwidth="1080" data-caption="" data-size="normal" data-rawheight="452" data-original="https://pic4.zhimg.com/v2-360917943c3fd45532302867a0524ba3_r.jpg" data-actualsrc="https://pic4.zhimg.com/v2-360917943c3fd45532302867a0524ba3_b.jpg" data-lazy-status="ok" /></figure>
<p>&nbsp;</p>
<p class="ztext-empty-paragraph">&nbsp;</p>
<p>新加坡的数学教育在注重结果的同时，也非常在意&ldquo;过程&rdquo;二字。小朋友学习的时候，很清楚地知道，<strong>必须要写过程，必须要把他们的解题方法和思路表达出来</strong>，一旦自然而然形成了这样的数学思维，解题方法就不是问题，解题的结果也是显而易见的，而且学得更好一点的小朋友还能运用于生活。</p>
<p class="ztext-empty-paragraph">&nbsp;</p>
<p>03</p>
<p><strong>数学难度螺旋上升，有承接、有提高</strong></p>
<p class="ztext-empty-paragraph">&nbsp;</p>
<p>除了建模思维，新加坡数学还有一个重要特点：在教学体系上，<strong>会秉承难度&ldquo;螺旋上升&rdquo;的方式。</strong>不同的阶段，学习的知识点会有重合，但难度不断提升。这就让孩子在学习新知识的之后，会从过去已掌握的内容开始，增加信心。</p>
<p>举个例子，同样是10以内的数学，在幼儿园低龄阶段，我们看到的学习模式是这样的：</p>
<p>&nbsp;</p>
<figure data-size="normal"><img class="origin_image zh-lightbox-thumb lazy" src="https://pic4.zhimg.com/80/v2-7e450c223625ea0fe71e65a2782bb81b_720w.jpg" width="1080" data-rawwidth="1080" data-caption="" data-size="normal" data-rawheight="1179" data-original="https://pic4.zhimg.com/v2-7e450c223625ea0fe71e65a2782bb81b_r.jpg" data-actualsrc="https://pic4.zhimg.com/v2-7e450c223625ea0fe71e65a2782bb81b_b.jpg" data-lazy-status="ok" /></figure>
<p>&nbsp;</p>
<p><strong>这是单纯的</strong><strong>图形和数字的对应关系</strong><strong>。</strong></p>
<p>而到了大班阶段，10以内数学认知，就同时加上与英文数字的对应：</p>
<p>&nbsp;</p>
<figure data-size="normal"><img class="origin_image zh-lightbox-thumb lazy" src="https://pic3.zhimg.com/80/v2-2e57cf24fd4575528ff987ab270a97f6_720w.jpg" width="1065" data-rawwidth="1065" data-caption="" data-size="normal" data-rawheight="1259" data-original="https://pic3.zhimg.com/v2-2e57cf24fd4575528ff987ab270a97f6_r.jpg" data-actualsrc="https://pic3.zhimg.com/v2-2e57cf24fd4575528ff987ab270a97f6_b.jpg" data-lazy-status="ok" /></figure>
<p>&nbsp;</p>
<p class="ztext-empty-paragraph">&nbsp;</p>
<p>这就进化成了<strong>图形&mdash;数字&mdash;语言</strong>的结合学习<strong>。</strong></p>
<p>再到一年级阶段的十以内数学，还是从10以内的认知和学习开始，但不同的是，对数字的认知不再是单独的数字，而是上升到了<strong>数字之间的关系</strong>，尤其是每一个数字和10这个数的关系：</p>
<p>&nbsp;</p>
<figure data-size="normal"><img class="origin_image zh-lightbox-thumb lazy" src="https://pic3.zhimg.com/80/v2-b52a5c9aafd72cffb0a7074b5731433a_720w.jpg" width="1080" data-rawwidth="1080" data-caption="" data-size="normal" data-rawheight="810" data-original="https://pic3.zhimg.com/v2-b52a5c9aafd72cffb0a7074b5731433a_r.jpg" data-actualsrc="https://pic3.zhimg.com/v2-b52a5c9aafd72cffb0a7074b5731433a_b.jpg" data-lazy-status="ok" /></figure>
<p>&nbsp;</p>
<p class="ztext-empty-paragraph">&nbsp;</p>
<p><strong>这就是</strong><strong>图形&mdash;数字&mdash;数字之间关系&mdash;加减法</strong><strong>，一层一层递进。</strong></p>
<p>以教材里的例子来看，虽然还是形象化的呈现，但不同的数量，在10个空格里到底占几格，<strong>剩余的空格，就是这个数跟&ldquo;10&rdquo;的关系</strong>。</p>
<p>我们看到小鱼的数量是&ldquo;9&rdquo;，在10格里面占有9个空格，剩余的空格是&ldquo;1&rdquo;，那么，我们就能得出，10可以有9+1的组合。还能推出10扣掉1，剩下9，于是，加减法就出来了，一目了然。</p>
<p><strong>这种&ldquo;螺旋上升&rdquo;的特点，孩子可以在重复之前学到的知识点的同时，又得到相应能力的提升，不断复习，不断提高。</strong></p>
<p>&nbsp;</p>
<figure data-size="normal"><img class="origin_image zh-lightbox-thumb lazy" src="https://pic4.zhimg.com/80/v2-4d155bc3dff66bb922f96bab94d62d4f_720w.jpg" width="640" data-rawwidth="640" data-caption="" data-size="normal" data-rawheight="427" data-original="https://pic4.zhimg.com/v2-4d155bc3dff66bb922f96bab94d62d4f_r.jpg" data-actualsrc="https://pic4.zhimg.com/v2-4d155bc3dff66bb922f96bab94d62d4f_b.jpg" data-lazy-status="ok" /></figure>
<p>&nbsp;</p>
<p class="ztext-empty-paragraph">&nbsp;</p>
<p>对比咱们传统的数学教学，暖暖现在回来还天天念着老师要求背诵的&ldquo;10可以分成2和8，10可以分成3和7&hellip;&hellip;&rdquo;。讲真，让一个6岁的孩子去背数字的分解和组合，本来他们就对抽象的数字还没有形成具象的认知，如果没有真正理解数字之间的关系，也只能靠死记硬背。</p>
<p class="ztext-empty-paragraph">&nbsp;</p>
<p>我最近在中科院心理所学习儿童教育心理学的博士课程时，读到<strong>发展</strong><strong>心理学奠基人皮亚杰</strong>的学术研究，他指出，<strong>2-7岁的孩子处在前运算阶段，</strong><strong>7-11岁的孩子的认知也仅处于具体运算的阶段。</strong>虽然6岁的认知结构会从表象提炼到运算，但思维活动依然需要具象的内容来支持。</p>
<p class="ztext-empty-paragraph">&nbsp;</p>
<p>&nbsp;</p>
<figure data-size="normal"><img class="origin_image zh-lightbox-thumb lazy" src="https://pic1.zhimg.com/80/v2-ef8dad064f6be92e9e53dc276e9a7c90_720w.jpg" width="585" data-rawwidth="585" data-caption="" data-size="normal" data-rawheight="600" data-original="https://pic1.zhimg.com/v2-ef8dad064f6be92e9e53dc276e9a7c90_r.jpg" data-actualsrc="https://pic1.zhimg.com/v2-ef8dad064f6be92e9e53dc276e9a7c90_b.jpg" data-lazy-status="ok" /></figure>
<p>&nbsp;</p>
<p class="ztext-empty-paragraph">&nbsp;</p>
<p class="ztext-empty-paragraph">&nbsp;</p>
<p>据这种理论，再结合到新加坡数学的教学特色，不难看出，这就是他们数学能力全亚洲第一的原因，因为只有从具象到形象再到抽象的相互转化，才能更好的潜力数学的思维模式，打好数学启蒙的基础。</p>
<p>再回到暖暖目前接受的公立小学的学科教育，相比较新加坡小学的教育模式，我想，最大的区别就在于，新加坡的数学教育是提倡从图像到形象再到抽象，层层递进的螺旋式上升的思维模式，另外新加坡特有的双语学科教学模式，也是能让孩子在潜移默化中建立起系统的数学思维，这对于孩子之后的数学学习，都是最实用不过的基础。</p>
<p class="ztext-empty-paragraph">&nbsp;</p>
<p><strong>附注：文中所有新加坡数学的案例照片，均来自之前在新加坡幼儿园看到的教材《Learning Maths》，感谢我远在新加坡的师兄，为本文提供照片素材。</strong></p>',6,'很多妈妈知道新加坡的教育很厉害，尤其是数学。到底有多厉害呢？

在国际数学和科学评测趋势测试结果，新加坡几乎年年排名第一；

在国际学生评估项目中，新加坡学生的数学能力、阅读能力和科学素养三方面都是第一;

全球有40多个国家和地区都在采用新加坡的数学教材,清华附小的国际班也在用;

除了数学教育之外，新加坡的整体基础教育，亚洲都排名第一。



同是华人为主，为什么新加坡的数学教育效果就能超过中国，排名却全球第一呢？最近的研究，很多方面都让我心服口服。在孩子的数学启蒙方面，我特别想跟大家分享这些方面：',1,1,0,'2021-04-19 11:14:16.000','2021-05-13 10:38:11.903')
,('1383982580311273474','No.2 数学启蒙第一步：建立数感','博士爸爸Jacking','<div>作者：博士爸爸Jacking<br />链接：https://www.zhihu.com/question/288694371/answer/1254613874<br />来源：知乎<br />著作权归作者所有。商业转载请联系作者获得授权，非商业转载请注明出处。<br /><br />
<div>
<p>01 数感是什么？</p>
<p>数感是什么？简单地说就是一个人对数字的感觉。<strong>一个孩子如果能够拥有良好的数感，那他看见数字时会是一种轻松自如的状态，遇到数学问题时会是一种从容镇定的状态。</strong>甚至还有一些数感超级好的孩子，他们看到数学难题时会产生一种天生的兴奋感，而且题目越难越兴奋。</p>
<p>相反的，如果一个孩子数感不好，那他看到数字时会不自觉地产生抗拒心理，遇到数学问题时会不自觉地先慌张起来，这种状态下的孩子数学是不太可能学好的，更谈不上会喜欢上数学了。这种情况，就好比一个人见到陌生人一样，有的人是自来熟，有的人是莫名慌张。</p>
<p>之所以说数感是数学的"童子功"，是因为数感不是一种可以通过直接教授的方式来获得的知识。<strong>数感是一种内在的感觉，是需要孩子在长年累月接触数字、感知数字、运用数字的过程中慢慢建立起来。</strong></p>
<p>所以，数感启蒙会是一项长期任务，不要幻想花几天半个月就可以做完。（PS：现在网上有很多数学启蒙的课程广告，通过几节视频课就可以让孩子建立数感，学会数学思维，或者解决孩子不喜欢数学难题等噱头来吸引家长眼球，客观地讲我个人是无法认同的。不过，有些课程设计得确实非常活泼可爱，这对激发孩子对数学的兴趣倒是有不错的帮助。）</p>
<p><br />02 数感启蒙包括哪些内容</p>
<p>从学科角度，数感包括了很多维度，从简单的个位数字到复杂的大数据，从简单的概率关系到复杂的人工智能算法等，都有数感有关。不过，对于学龄前的孩子，数感启蒙当然不用涉及这么复杂的数学知识。</p>
<p>对于学龄前孩子的数感启蒙，我根据自己的观察和实践，大致可以分为四个方面：</p>
<ul>
<li>数与实物的关系</li>
<li>数的顺序</li>
<li>数的进制</li>
<li>数的量级</li>
</ul>
<figure data-size="normal"><noscript><img src="https://pic4.zhimg.com/50/v2-e36dce990a07bd21435f03bdfa9a03d1_hd.jpg?source=1940ef5c" data-caption="" data-size="normal" data-rawwidth="1079" data-rawheight="1364" data-default-watermark-src="https://pic4.zhimg.com/50/v2-1a39e16f73eb536d19d24d6227ba48de_hd.jpg?source=1940ef5c" class="origin_image zh-lightbox-thumb" width="1079" data-original="https://pic2.zhimg.com/v2-e36dce990a07bd21435f03bdfa9a03d1_r.jpg?source=1940ef5c"/></noscript><img class="origin_image zh-lightbox-thumb lazy" src="https://pic4.zhimg.com/80/v2-e36dce990a07bd21435f03bdfa9a03d1_720w.jpg?source=1940ef5c" width="1079" data-caption="" data-size="normal" data-rawwidth="1079" data-rawheight="1364" data-default-watermark-src="https://pic4.zhimg.com/50/v2-1a39e16f73eb536d19d24d6227ba48de_hd.jpg?source=1940ef5c" data-original="https://pic2.zhimg.com/v2-e36dce990a07bd21435f03bdfa9a03d1_r.jpg?source=1940ef5c" data-actualsrc="https://pic4.zhimg.com/50/v2-e36dce990a07bd21435f03bdfa9a03d1_hd.jpg?source=1940ef5c" data-lazy-status="ok" /></figure>
<p><br />03 如何帮助孩子建立数感？</p>
<p>接下来，我将从数感启蒙的四个方面逐个介绍。</p>
<p><strong>数与实物的关系</strong></p>
<p>数学的基础是数字，数字的本质是一种符号，这种符号是从具体实物中逐渐抽象出来的，这可是我们的祖先经过漫长的思维进化后才掌握的一项高级技能。</p>
<p>远古时期，我们那些生活在原始森林中的祖先们，很长一段时间里是不懂得&ldquo;2只野兽&rdquo;和&ldquo;2块石头&rdquo;之间是可以有联系的。慢慢地，他们才发现原来2只野兽和2块石头之间可以用同一个符号&ldquo;2&rdquo;来表示，这在人的大脑中是要经历一个很大的思维跃迁的。</p>
<p>&ldquo;2只野兽&rdquo;和&ldquo;2块石头&rdquo;是具体实物，而数字&ldquo;2&rdquo;是一个抽象符号，<strong>从具体实物上升到抽象符号，这是我们要帮助孩子掌握的第一个数学技能。</strong></p>
<p>小孩的抽象思维能力和大脑发育程度息息相关。一般来说，2.5岁到3.5岁之间，孩子开始有能力来理解抽象符号，也就是说可以开始进行一些数感启蒙。不过，需要强调一下的是，不同孩子大脑发育的速度不同，思维能力相差3到5个月是很正常的事情，这对孩子以后智力成长的影响几乎为零，所以大家大可不必因此而焦虑。</p>
<p><strong>数感启蒙的第一步是学习数数。随着大脑的发育，孩子学习数数一般要经历&ldquo;唱数－点数－默数&rdquo;三个过程。</strong></p>
<figure data-size="normal"><noscript><img src="https://pic1.zhimg.com/50/v2-b0a3acff5601a7cecfae2324afdf1ca9_hd.jpg?source=1940ef5c" data-caption="" data-size="normal" data-rawwidth="803" data-rawheight="597" data-default-watermark-src="https://pic4.zhimg.com/50/v2-12ccee4985b6749c6e05711831cb5b71_hd.jpg?source=1940ef5c" class="origin_image zh-lightbox-thumb" width="803" data-original="https://pic2.zhimg.com/v2-b0a3acff5601a7cecfae2324afdf1ca9_r.jpg?source=1940ef5c"/></noscript><img class="origin_image zh-lightbox-thumb lazy" src="https://pic1.zhimg.com/80/v2-b0a3acff5601a7cecfae2324afdf1ca9_720w.jpg?source=1940ef5c" width="803" data-caption="" data-size="normal" data-rawwidth="803" data-rawheight="597" data-default-watermark-src="https://pic4.zhimg.com/50/v2-12ccee4985b6749c6e05711831cb5b71_hd.jpg?source=1940ef5c" data-original="https://pic2.zhimg.com/v2-b0a3acff5601a7cecfae2324afdf1ca9_r.jpg?source=1940ef5c" data-actualsrc="https://pic1.zhimg.com/50/v2-b0a3acff5601a7cecfae2324afdf1ca9_hd.jpg?source=1940ef5c" data-lazy-status="ok" /></figure>
<p>大多数孩子在1岁半左右就可以数1，2，3&hellip;&hellip;，这个时候很多家长会兴奋地认为宝宝已经学会数数了，甚至还有些家长会乐于在这个阶段&ldquo;炫耀&rdquo;自己的孩子已经可以数到20，数到30，甚至数到100。其实，这个阶段属于&ldquo;唱数&rdquo;阶段，唱数阶段孩子是不理解数与实物之间的关系的，数数对于宝宝来说就像是在唱一首好听的儿歌而已。</p>
<p>所以，这个阶段并不需要花太多精力去教孩子数数，这对后续的数学能力提升并没有多大的帮助。当然，如果孩子喜欢，多数一数也无妨。</p>
<p>经历了一段时间的唱数，孩子就会进入点数阶段。<strong>点数阶段是孩子进行数学启蒙的重要环节，因为这个阶段是孩子建立&ldquo;数与实物关系&rdquo;的关键时期。</strong></p>
<p>点数阶段一般发生在2岁半到3岁半之间。这个阶段，最好的启蒙方法就是让孩子点数实物。最常见的就是点数手指，边点手指边数1，2，3，4，5。除了手指，还可以引导孩子点数家里的椅子，桌子，玩具，水果等等。<strong>根据我自己的观察，这个阶段孩子会很乐意陪你来数，因为每次点完他都可以感受到满满的成就感。</strong></p>
<p>通过不断的重复练习，孩子一般在2~3个月内就可以熟练进行10以内的点数。这个时候，家长可以开始引导孩子学习默数。<strong>学习默数的过程是一个让数字与实物剥离的过程，这个时候孩子需要在头脑里建立抽象数字的概念。</strong>这属于思维层面的提升，对孩子来说是有一定难度的，需要一定的时间来进行练习。孩子学习默数大概会持续6~12个月，家长在引导孩子学习默数的时候要留有足够的耐心，不要太着急。</p>
<p>学习默数的方法是逐步引导孩子不动手指来数数。刚开始孩子是很难离开手指来数数的，遇到要数数就会不自觉地拿出手指。这个时候，我们可以通过玩游戏的方式来带领他学习默数。比如和孩子约定好，大家都不动手不出声，然后看谁数得快、数得准。类似这样游戏，大家可以任意发挥。</p>
<p><strong>如果孩子能够熟练掌握默数的能力，就说明孩子已经完全理解了抽象数字的概念，也能够理解了数与实物之间的关联关系。</strong>这个时候，数感启蒙的第一步&mdash;&mdash;数数就可以大功告成了！</p>
<p><strong>数的顺序</strong></p>
<p>会数数并不等于能够理解数的顺序，这是我从Shen身上观察出来的。</p>
<p>Shen3岁左右的时候，有一次我问他6的数字后面是什么？他答不上来。这让我有点吃惊，因为这个时候他已经很熟练地掌握了点数的技能，也基本掌握了10以内的默数，所以我原本默认了他已经懂得10以内的顺序关系。</p>
<p>后来我才知道，对于孩子来说，数的顺序关系也是需要一个练习过程的。这就好比我们刚开始学习英文数字一样，一直数下去我们可以数得很溜，但如果要单独说出某个数字就会比较吃力，如果还要按前后顺序来说，就更难了。</p>
<p><strong>所以，数感启蒙的第二步，是帮助孩子理解数的顺序。</strong>理解数的顺序方法也比较简单，只要多创造一些需要用到数的顺序的场景就可以了。比如吃水果的时候，可以每个人分一个号码，然后按顺序拿水果；也可以把数字贴在墙上，让孩子按一定的顺序数数，正数，反数，跳着数等；还可以多进行抽像数字的顺序对答练习，比如练习抢答&ldquo;4的后面是什么，8的前面是什么&rdquo;这样的游戏。</p>
<figure data-size="normal"><noscript><img src="https://pic2.zhimg.com/50/v2-e8f3626fe2aac646d5ac183111a5bd6e_hd.jpg?source=1940ef5c" data-caption="" data-size="normal" data-rawwidth="1280" data-rawheight="960" data-default-watermark-src="https://pic2.zhimg.com/50/v2-67b7478cbe04ed84668c94c10d65dae6_hd.jpg?source=1940ef5c" class="origin_image zh-lightbox-thumb" width="1280" data-original="https://pic3.zhimg.com/v2-e8f3626fe2aac646d5ac183111a5bd6e_r.jpg?source=1940ef5c"/></noscript><img class="origin_image zh-lightbox-thumb lazy" src="https://pic2.zhimg.com/80/v2-e8f3626fe2aac646d5ac183111a5bd6e_720w.jpg?source=1940ef5c" width="1280" data-caption="" data-size="normal" data-rawwidth="1280" data-rawheight="960" data-default-watermark-src="https://pic2.zhimg.com/50/v2-67b7478cbe04ed84668c94c10d65dae6_hd.jpg?source=1940ef5c" data-original="https://pic3.zhimg.com/v2-e8f3626fe2aac646d5ac183111a5bd6e_r.jpg?source=1940ef5c" data-actualsrc="https://pic2.zhimg.com/50/v2-e8f3626fe2aac646d5ac183111a5bd6e_hd.jpg?source=1940ef5c" data-lazy-status="ok" /></figure>
<p class="ztext-empty-paragraph">&nbsp;</p>
<p><strong>数的进制</strong></p>
<p>&ldquo;妈妈，为什么我们数到9之后就要变成10（1和0）？&rdquo;</p>
<p>如果孩子问你这样的问题，你会怎么回答？我问过Sui，她说大概会回答说，我也不知道哦，让我去查查有没有答案再来告诉你。</p>
<p>数的进制确实是很少有人会关注的知识点，至少在我查阅过的数学启蒙书籍中还没有专门讲过这个知识点的。<strong>但我觉得，想要帮助孩子建立好的数感，数的进制应该要纳入启蒙范畴。</strong></p>
<p>回到那个问题，为什么我们数到9之后就要变成1和0？一般的说法是，因为我们人只有10只手指，当我们数到10以上的数字时就不够用了，所以古人就发明了进制的方法。每次数到第10位就做个记号（往前进一位），然后继续从0开始数下去。</p>
<p>十进制是我们生活中最熟悉的进制方法。除了十进制，其实我们还有很多的进制方法。比如时钟就是12进制，月份是十二进制，我们古代的天干地支也是十二进制。</p>
<p>在计算机中，我们使用的是二进制，每数到2就进一位，如下图所示。我曾尝试给我五年级的侄女讲二进制，她可以很轻松就听懂，并能够完成十进制和二进制的转换练习。所以数的进制并不是一个很难的知识点，我看到很多小学生的奥数题其实就是用进制关系去改编的。</p>
<figure data-size="normal"><noscript><img src="https://pic2.zhimg.com/50/v2-f43e896034d74e24660b90867c780f3f_hd.jpg?source=1940ef5c" data-caption="" data-size="normal" data-rawwidth="581" data-rawheight="505" data-default-watermark-src="https://pic2.zhimg.com/50/v2-2be8014e0751fb79384f44607daa2e66_hd.jpg?source=1940ef5c" class="origin_image zh-lightbox-thumb" width="581" data-original="https://pic1.zhimg.com/v2-f43e896034d74e24660b90867c780f3f_r.jpg?source=1940ef5c"/></noscript><img class="origin_image zh-lightbox-thumb lazy" src="https://pic2.zhimg.com/80/v2-f43e896034d74e24660b90867c780f3f_720w.jpg?source=1940ef5c" width="581" data-caption="" data-size="normal" data-rawwidth="581" data-rawheight="505" data-default-watermark-src="https://pic2.zhimg.com/50/v2-2be8014e0751fb79384f44607daa2e66_hd.jpg?source=1940ef5c" data-original="https://pic1.zhimg.com/v2-f43e896034d74e24660b90867c780f3f_r.jpg?source=1940ef5c" data-actualsrc="https://pic2.zhimg.com/50/v2-f43e896034d74e24660b90867c780f3f_hd.jpg?source=1940ef5c" data-lazy-status="ok" /></figure>
<p class="ztext-empty-paragraph">&nbsp;</p>
<p><strong>学习和掌握"数的进制"对孩子建立良好数感是有很大帮助，这可以让孩子感觉到自己和其他人相比，跟数字走得更近，关系更亲密。</strong></p>
<p>学龄前的小孩当然不用学习二进制，但需要让他们理解十进制的概念，再通过一定量的练习让孩子熟练掌握十进制的方法。比如：很多孩子通过背诵数字知道59之后是60，并不是真正掌握十进制的方法，我们需要让孩子明白之所以59之后是60，是因为9之后就要往前进一位，所以变成6和0。如果孩子理解了，那就可以很轻松地一直无限地数下去了。</p>
<p><strong>数的量级</strong></p>
<p>我曾在网上看到过一个帖子，一个小学老师让学生自编应用题，结果出现一些让人哭笑不得的笑话，比如&ldquo;门高2厘米&rdquo;、&ldquo;妈妈的体重100克&rdquo;、&ldquo;小明每秒钟走路1000米&rdquo;、&ldquo;小红的爸爸今年12岁&rdquo;&hellip;&hellip;</p>
<p><strong>在这些哭笑不得的笑话背后，其实折射出的是我们现行数学教育背后一个大问题&mdash;&mdash;数学与生活完全脱轨</strong>。其实不止小学生，即便是大学生，在数的量级上也常常会犯低级错误。</p>
<p>数的量级是一个很实用的概念，在工程领域，大部分情况下是不需要进行精确计算的，而是通过量级估算来进行宏观判断。一位高水平的工程师可通过量级估算轻松找出很多工程设计上的低级错误。</p>
<p><strong>对于学龄前儿童来说，学习数的量级最简单的办法就是用实物来对比。</strong>通过不同数量的实物来对比，可以直接给孩子留下不同量级的感官印象。</p>
<p>比如，我们可以用一个瓜子代表1，一个小金桔代表10，一个苹果代表100，一个西瓜代表1000，通过这样的对比来让孩子建立1和100，1和1000的量级差别。</p>
<p>再比如，我们可以告诉孩子从家门口走路到电梯口是10米，从家里走路到幼儿园是100米，从家里走路到XX餐厅是1000米。通过类似的对比来帮助孩子建立距离量级的概念。</p>
<p>类似这种对比，我们还可以用在时间、空间、重量等概念上。随着孩子年龄的增长，量级的概念可以不断提升，比如帮助孩子理解人口的量级，理解国土面积的量级，理解宇宙空间的量级，理解光速、光年的概念等。</p>
<p>好了，关于数感的话题就写到这里。感谢您的耐心阅读！</p>
<p class="ztext-empty-paragraph">&nbsp;</p>
<p>－－－－－－－－－－我是分割线－－－－－－－－－－</p>
<h2><strong>No.3 </strong>数学启蒙第二步：构建空间感</h2>
<p><strong>数和形，是数学的两大核心内容，它们就如同数学的两条腿，相辅相成，缺一不可。数感和空间感的培养，自然也是数学启蒙中最重要的两个任务。</strong></p>
<p>1<strong> 什么是"空间感"？</strong></p>
<p>在进入这个主题之前，我想先和大家分享一下自己大学期间经历的与空间感有关的故事。那是我第一次感受到，一个人的空间感是实实在在存在的，而且人与人之间的空间能力是真的有实质性差距的。高中时期我的数学成绩还算不错，考试基本都在140分以上，偶尔也可以接近满分。高中数学中几何占了很大一部分的，所以我自认为几何能力也算是不错的。</p>
<p>到了大一，我学的是工科，需要上一门课叫《机械制图》。在这门课中，我们需要学习投影法，还要学习用投影法画出零部件的三视图和六视图（如下图所示）。</p>
<figure data-size="normal"><noscript><img src="https://pic1.zhimg.com/50/v2-8792eb76e3283af2c5c220be5d50b3a4_hd.jpg?source=1940ef5c" data-caption="" data-size="normal" data-rawwidth="869" data-rawheight="506" data-default-watermark-src="https://pic4.zhimg.com/50/v2-2a783fc17cc9cdfdeb587fba519ab19e_hd.jpg?source=1940ef5c" class="origin_image zh-lightbox-thumb" width="869" data-original="https://pic2.zhimg.com/v2-8792eb76e3283af2c5c220be5d50b3a4_r.jpg?source=1940ef5c"/></noscript><img class="origin_image zh-lightbox-thumb lazy" src="https://pic1.zhimg.com/80/v2-8792eb76e3283af2c5c220be5d50b3a4_720w.jpg?source=1940ef5c" width="869" data-caption="" data-size="normal" data-rawwidth="869" data-rawheight="506" data-default-watermark-src="https://pic4.zhimg.com/50/v2-2a783fc17cc9cdfdeb587fba519ab19e_hd.jpg?source=1940ef5c" data-original="https://pic2.zhimg.com/v2-8792eb76e3283af2c5c220be5d50b3a4_r.jpg?source=1940ef5c" data-actualsrc="https://pic1.zhimg.com/50/v2-8792eb76e3283af2c5c220be5d50b3a4_hd.jpg?source=1940ef5c" data-lazy-status="ok" /></figure>
<figure data-size="normal"><noscript><img src="https://pic1.zhimg.com/50/v2-e07a87b3a43a5f938d134acd1fe1a09f_hd.jpg?source=1940ef5c" data-caption="" data-size="normal" data-rawwidth="504" data-rawheight="229" data-default-watermark-src="https://pic1.zhimg.com/50/v2-e19cf5f6dfeefd677e9b7d0d21aeb579_hd.jpg?source=1940ef5c" class="origin_image zh-lightbox-thumb" width="504" data-original="https://pic3.zhimg.com/v2-e07a87b3a43a5f938d134acd1fe1a09f_r.jpg?source=1940ef5c"/></noscript><img class="origin_image zh-lightbox-thumb lazy" src="https://pic1.zhimg.com/80/v2-e07a87b3a43a5f938d134acd1fe1a09f_720w.jpg?source=1940ef5c" width="504" data-caption="" data-size="normal" data-rawwidth="504" data-rawheight="229" data-default-watermark-src="https://pic1.zhimg.com/50/v2-e19cf5f6dfeefd677e9b7d0d21aeb579_hd.jpg?source=1940ef5c" data-original="https://pic3.zhimg.com/v2-e07a87b3a43a5f938d134acd1fe1a09f_r.jpg?source=1940ef5c" data-actualsrc="https://pic1.zhimg.com/50/v2-e07a87b3a43a5f938d134acd1fe1a09f_hd.jpg?source=1940ef5c" data-lazy-status="ok" /></figure>
<p>图注：《机械制图》的三视图和六视</p>
<p>刚开始接触到这些视图的时候，我感觉到非常吃力。当时觉得，那些工厂的师傅光看这些图就能把零部件加工出来，真的是难以想象。对于我来说，想要把这些视图准确无误地画下来，几乎是不可能的事情。所以，每次作业我都要花很多的时间。但是，我们班里就有一些空间感很强的同学，他们看一下实物，然后就可以像拍照一样把这些视图非常快地画出来，而且基本不会出错。当时，我是真真切切地感受到了什么叫做空间感的差距。好了，这就是我跟大家分享的故事，这个事情让我形象地感受到了空间感的存在，而且空间感是可以通过培养来提升的。</p>
<p>那么，空间感究竟是什么呢？其实，空间感的范畴是非常广的，从幼儿园的图形认知到大学里的机械制图，甚至到最前沿的物理学、天文学、宇宙学的研究内容，都属于空间感的范畴。按照定义来说，<strong>空间感就是人对物体结构形状、空间位置、远近层次和距离的感觉。它的底层逻辑，实际上就是一个人的想象力和推演力。</strong></p>
<p class="ztext-empty-paragraph">&nbsp;</p>
<p>2<strong> 为什么需要培养&ldquo;空间感&rdquo;？</strong></p>
<p>那么，我们为什么需要这么早就重视孩子空间感的建立呢？这是因为，有了良好的空间感的人，确实能带来很多的好处。</p>
<p><strong>首先，空间感强的人绘画/制图能力都会比较强。</strong>无论是艺术类的绘画，还是机械类的制图，或者是建筑类的素描图，拥有良好的空间感是最基本的要求，这个应该不用做过多的解释。<strong>其次，空间感强的人方向感一般都会比较强。</strong>对空间感强的人，他们可以很轻松就在头脑中构建一个虚拟的空间，简单的就是按东西南北或者前后左右构建。在这个虚拟的空间里，只要有人跟他说往北走，他可以完全不用看地图，通过头脑里虚拟的空间就可以找到想要的方向。现在很多网络游戏，对空间感的要求也是很高的，想要玩得好，也是要提升空间感的。<strong>最后，空间感强的人还有一个很重要的能力，那就是推演能力。</strong>空间感的本质是在头脑里构建出立体图像的能力，这种能力也可以用来在头脑里推演某个事情的动态发展，或某个现象的动态演变。爱因斯坦就是一个空间感超强的人，他的相对论很大部分是靠头脑里的&ldquo;思想实验&rdquo;推演出来的。我们古代有&ldquo;运筹帷幄&rdquo;的说法，指的也是这种推演能力。</p>
<figure data-size="normal"><noscript><img src="https://pic2.zhimg.com/50/v2-74b2f39b26cb7b3987cba3c5fdae37f2_hd.jpg?source=1940ef5c" data-size="normal" data-rawwidth="804" data-rawheight="595" data-default-watermark-src="https://pic2.zhimg.com/50/v2-325c297cab0d8bc25674fdc1656916e7_hd.jpg?source=1940ef5c" class="origin_image zh-lightbox-thumb" width="804" data-original="https://pic1.zhimg.com/v2-74b2f39b26cb7b3987cba3c5fdae37f2_r.jpg?source=1940ef5c"/></noscript><img class="origin_image zh-lightbox-thumb lazy" src="https://pic2.zhimg.com/80/v2-74b2f39b26cb7b3987cba3c5fdae37f2_720w.jpg?source=1940ef5c" width="804" data-size="normal" data-rawwidth="804" data-rawheight="595" data-default-watermark-src="https://pic2.zhimg.com/50/v2-325c297cab0d8bc25674fdc1656916e7_hd.jpg?source=1940ef5c" data-original="https://pic1.zhimg.com/v2-74b2f39b26cb7b3987cba3c5fdae37f2_r.jpg?source=1940ef5c" data-actualsrc="https://pic2.zhimg.com/50/v2-74b2f39b26cb7b3987cba3c5fdae37f2_hd.jpg?source=1940ef5c" data-lazy-status="ok" />
<figcaption>图注：爱因斯坦广义相对论的思想实验</figcaption>
</figure>
<p><strong>&ldquo;空间感&rdquo;能力并不是一种与生俱来的能力，而是一种需要在实际生活中基于很多体验、很多训练后逐渐形成的能力。</strong>在这些训练中，幼儿的&ldquo;图形认知启蒙&rdquo;便是一项最最基本的训练。在这里，可能有些朋友会发出疑问，幼儿园的小孩是否有能力进行&ldquo;图形认知&rdquo;的学习呢？答案是可以的。</p>
<p>在教育部发布的<strong>《3~6岁儿童学习与发展指南》</strong>中，就有明确规定了感知图形的内容。而且，3~6岁的儿童，抽象思维正在逐步建立的过程中，这个时候他们已经有了基本的思维能力去进行&ldquo;图形认知&rdquo;的学习了。事实上，图形认知已经成为很多学校幼升小的基本要求了。在小学数学课本里，图形认识也是一项重要的学习内容。</p>
<p>我在网上看过一个报道，北京某小学的数学考试，有这么一道题。大家可以尝试做一下。</p>
<figure data-size="normal"><noscript><img src="https://pic2.zhimg.com/50/v2-905ef113e08d38221071430aad295447_hd.jpg?source=1940ef5c" data-size="normal" data-rawwidth="800" data-rawheight="250" data-default-watermark-src="https://pic4.zhimg.com/50/v2-66f2c9a52d44658f6c596e84cf91c612_hd.jpg?source=1940ef5c" class="origin_image zh-lightbox-thumb" width="800" data-original="https://pic2.zhimg.com/v2-905ef113e08d38221071430aad295447_r.jpg?source=1940ef5c"/></noscript><img class="origin_image zh-lightbox-thumb lazy" src="https://pic2.zhimg.com/80/v2-905ef113e08d38221071430aad295447_720w.jpg?source=1940ef5c" width="800" data-size="normal" data-rawwidth="800" data-rawheight="250" data-default-watermark-src="https://pic4.zhimg.com/50/v2-66f2c9a52d44658f6c596e84cf91c612_hd.jpg?source=1940ef5c" data-original="https://pic2.zhimg.com/v2-905ef113e08d38221071430aad295447_r.jpg?source=1940ef5c" data-actualsrc="https://pic2.zhimg.com/50/v2-905ef113e08d38221071430aad295447_hd.jpg?source=1940ef5c" data-lazy-status="ok" />
<figcaption>图注：网传某北京小学入学考试题</figcaption>
</figure>
<p class="ztext-empty-paragraph">&nbsp;</p>
<p>3<strong> 构建&ldquo;空间感"需要从何入手？</strong></p>
<p>我们在前面有提到，&ldquo;图形认知&rdquo;是孩子构建空间感最基本的训练。所以，培养孩子的空间感，我们可以从图形认知开始入手。那么，图形认知究竟是指哪些内容呢？关于这个问题，我们教育部按发布的<strong>《3~6岁儿童学习与发展指南》</strong>中是有明确规定的。</p>
<figure data-size="normal"><noscript><img src="https://pic4.zhimg.com/50/v2-165de5b959043eebf9090435b5b4937d_hd.jpg?source=1940ef5c" data-size="normal" data-rawwidth="1075" data-rawheight="1631" data-default-watermark-src="https://pic1.zhimg.com/50/v2-ad8771755a9c5c7d3e232e4f14432e69_hd.jpg?source=1940ef5c" class="origin_image zh-lightbox-thumb" width="1075" data-original="https://pic2.zhimg.com/v2-165de5b959043eebf9090435b5b4937d_r.jpg?source=1940ef5c"/></noscript><img class="origin_image zh-lightbox-thumb lazy" src="https://pic4.zhimg.com/80/v2-165de5b959043eebf9090435b5b4937d_720w.jpg?source=1940ef5c" width="1075" data-size="normal" data-rawwidth="1075" data-rawheight="1631" data-default-watermark-src="https://pic1.zhimg.com/50/v2-ad8771755a9c5c7d3e232e4f14432e69_hd.jpg?source=1940ef5c" data-original="https://pic2.zhimg.com/v2-165de5b959043eebf9090435b5b4937d_r.jpg?source=1940ef5c" data-actualsrc="https://pic4.zhimg.com/50/v2-165de5b959043eebf9090435b5b4937d_hd.jpg?source=1940ef5c" data-lazy-status="ok" />
<figcaption>图注：教育部指导文件中的描述</figcaption>
</figure>
<p>不过，我自己感觉这个要求是偏低的，大部分4岁左右就可以达到5~6岁的水平。于是，我自己也总结了一些&ldquo;图形认知&rdquo;的几个内容，和大家一起分享。</p>
<p>我自己在实践过程中，把图形认知总结为4个方面的内容：</p>
<ul>
<li>图形识别</li>
<li>图形组合与分解</li>
<li>图形旋转与移动</li>
<li>图形延伸</li>
</ul>
<p><strong>&middot; 图形识别</strong>，顾名思义就是认识图形，包括三角形、圆形、正方形等。随着孩子年龄的增长，我们可以让孩子进一步接触一些复杂图形，比如六边形、八边形、三棱柱、六棱柱、三棱锥等。<strong>&middot; 图形组合与分解</strong>，简单地说就是用几个图形拼成另外一个图形，或者把一个图形拆成几个图形。<strong>&middot; 图形旋转与移动</strong>，就是把图形旋转起来，变成其他图形，比如长方形沿着一条边旋转起来就变成圆柱体，一个三角形旋转起来变成圆锥体之类的。移动也是一种变化，比如一个正方形移动起来可以变成正方体或长方体。<strong>&middot; 图形延伸，</strong>就是看到一个不完整的图形或残缺的图形，可以想象出完整图形的样子。或对着一个图形，想象出它外延的样子。最典型的例子就是拼图。</p>
<p class="ztext-empty-paragraph">&nbsp;</p>
<p>4<strong> 如何在家庭中帮助孩子构建&ldquo;空间感&rdquo;？</strong></p>
<p>熟悉我的文章的朋友应该知道，我是极力推崇<strong>&ldquo;数学源于生活&rdquo;</strong>的理念。那么，如何才能把上述&ldquo;图形认知&rdquo;的四个方面融入到我们的日常生活中呢？下面我来逐一给大家分享。首先，我们需要引导孩子观察生活中物品的图形。比如车轮是圆形的、餐桌是长方形、奶粉罐是圆柱体之类的。</p>
<p>引导孩子观察生活中物品的形状，有一个好处就是让孩子先从不规则图形入手来认识图形。大家可能没有留意到，我们课本里的图形都是理想图形，比如正方形，长方形，三角形，这些图形是通过理想化处理的。在我们实际生活中的图形，大部分并不是这样标准的，比如一张桌子，整体上看是长方形，但每个角都是有处理的，倒圆的。<strong>从不规则图形认识到规则图形，是一个抽象思维建立的过程，也是孩子在头脑里建立图形特征的最好方式。</strong>除了用生活物品引导孩子去发现图形、总结图形，我们可以利用一些辅助工具（也可以称为教具），来帮助孩子进一步建立图形的概念。在这里，我从图形认知的4个方面，给大家介绍几个我自己在家里使用的教具，供大家参考。</p>
<h2><strong>图形识别</strong></h2>
<p>推荐教具：积木&zwj;&zwj;&zwj;</p>
<p>积木可以帮助孩子实体感受形状的存在，还可以帮助孩子认识平面图形与立体图形之间的关系。适合年龄：</p>
<p>3~5岁，难度可以不断加大</p>
<p class="ztext-empty-paragraph">&nbsp;</p>
<figure data-size="normal"><noscript><img src="https://pic2.zhimg.com/50/v2-90bbe224e70234f82d301a44812fa8e3_hd.jpg?source=1940ef5c" data-caption="" data-size="normal" data-rawwidth="1080" data-rawheight="1440" data-default-watermark-src="https://pic2.zhimg.com/50/v2-f8e69167ebbc10a5e3807eeb2da5f571_hd.jpg?source=1940ef5c" class="origin_image zh-lightbox-thumb" width="1080" data-original="https://pic1.zhimg.com/v2-90bbe224e70234f82d301a44812fa8e3_r.jpg?source=1940ef5c"/></noscript><img class="origin_image zh-lightbox-thumb lazy" src="https://pic2.zhimg.com/80/v2-90bbe224e70234f82d301a44812fa8e3_720w.jpg?source=1940ef5c" width="1080" data-caption="" data-size="normal" data-rawwidth="1080" data-rawheight="1440" data-default-watermark-src="https://pic2.zhimg.com/50/v2-f8e69167ebbc10a5e3807eeb2da5f571_hd.jpg?source=1940ef5c" data-original="https://pic1.zhimg.com/v2-90bbe224e70234f82d301a44812fa8e3_r.jpg?source=1940ef5c" data-actualsrc="https://pic2.zhimg.com/50/v2-90bbe224e70234f82d301a44812fa8e3_hd.jpg?source=1940ef5c" data-lazy-status="ok" /></figure>
<p>图注：shen玩积木，@1岁7个月</p>
<h2><strong>图形的组合和分解</strong></h2>
<p>推荐教具：七巧板</p>
<p>七巧板的原理就是图形的组合和分解，让孩子多练习七巧板，可以帮助他们构建出良好的空间感。适合年龄：</p>
<p>4~6岁，难度可以不断加大</p>
<h2><strong>平面图形的延伸与变换</strong></h2>
<p>推荐教具：拼图</p>
<p>拼图的过程中，孩子需要根据已有的图案去想象缺失的图案，这个过程就是在锻炼孩子图像延伸的能力。</p>
<p>适合年龄：3~6岁</p>
<h2><strong>立体图形的延伸与变换</strong></h2>
<p>推荐玩具：拼图索玛方块</p>
<p>索玛方块可以看是一种立体的拼图，孩子在玩的过程中，可以锻炼到空间立体的想象能力。</p>
<p>适合年龄：5岁以上</p>
<figure data-size="normal"><noscript><img src="https://pic1.zhimg.com/50/v2-daaf6499d18ccda890d2d42459a915c8_hd.jpg?source=1940ef5c" data-caption="" data-size="normal" data-rawwidth="600" data-rawheight="800" data-default-watermark-src="https://pic1.zhimg.com/50/v2-c5be493db6e75122e90a4f4425c01b93_hd.jpg?source=1940ef5c" class="origin_image zh-lightbox-thumb" width="600" data-original="https://pic2.zhimg.com/v2-daaf6499d18ccda890d2d42459a915c8_r.jpg?source=1940ef5c"/></noscript><img class="origin_image zh-lightbox-thumb lazy" src="https://pic1.zhimg.com/80/v2-daaf6499d18ccda890d2d42459a915c8_720w.jpg?source=1940ef5c" width="600" data-caption="" data-size="normal" data-rawwidth="600" data-rawheight="800" data-default-watermark-src="https://pic1.zhimg.com/50/v2-c5be493db6e75122e90a4f4425c01b93_hd.jpg?source=1940ef5c" data-original="https://pic2.zhimg.com/v2-daaf6499d18ccda890d2d42459a915c8_r.jpg?source=1940ef5c" data-actualsrc="https://pic1.zhimg.com/50/v2-daaf6499d18ccda890d2d42459a915c8_hd.jpg?source=1940ef5c" data-lazy-status="ok" /></figure>
<figure data-size="normal"><noscript><img src="https://pic1.zhimg.com/50/v2-199d9344bd82a636d86da0a70a3fb7ee_hd.jpg?source=1940ef5c" data-caption="" data-size="normal" data-rawwidth="600" data-rawheight="800" data-default-watermark-src="https://pic1.zhimg.com/50/v2-db0f745e06f04de3490440c9f373aee3_hd.jpg?source=1940ef5c" class="origin_image zh-lightbox-thumb" width="600" data-original="https://pic2.zhimg.com/v2-199d9344bd82a636d86da0a70a3fb7ee_r.jpg?source=1940ef5c"/></noscript><img class="origin_image zh-lightbox-thumb lazy" src="https://pic1.zhimg.com/80/v2-199d9344bd82a636d86da0a70a3fb7ee_720w.jpg?source=1940ef5c" width="600" data-caption="" data-size="normal" data-rawwidth="600" data-rawheight="800" data-default-watermark-src="https://pic1.zhimg.com/50/v2-db0f745e06f04de3490440c9f373aee3_hd.jpg?source=1940ef5c" data-original="https://pic2.zhimg.com/v2-199d9344bd82a636d86da0a70a3fb7ee_r.jpg?source=1940ef5c" data-actualsrc="https://pic1.zhimg.com/50/v2-199d9344bd82a636d86da0a70a3fb7ee_hd.jpg?source=1940ef5c" data-lazy-status="ok" /></figure>
<p>图注：索玛方块</p>
<p class="ztext-empty-paragraph">&nbsp;</p>
<p>在数学启蒙过程中，孩子的坚持和毅力是必不可少的。作为孩子爸妈也应早早未雨绸缪，想让自家娃能够一直坚持学下去，这个鼓励式思维课程很值得体验：</p>
</div>
</div>',1,'数学是一门以理解为主的学科，更多依靠的是大脑发育成熟后的逻辑思维能力。但是，如果一定要给数学找一项适合在幼龄阶段学习的"童子功"的话，我觉得就非 “数感”莫属了。',1,0,0,'2021-04-19 11:15:34.000','2021-04-27 20:27:48.980')
,('1383984654709174274','只要有心，生活中处处都是数学启蒙的好场景，时时都是数学启蒙的好时机！',' 博博de宝宝','<p><strong>只要有心，生活中处处都是数学启蒙的好场景，时时都是数学启蒙的好时机！</strong></p>
<p>&nbsp;</p>
<p>我家Den爸高中曾在奥数班，并通过数学竞赛保送进了浙江大学竺可桢学院，修了数学和管理学的双学位。家里有位科班出身的宝藏爸爸，娃的数学启蒙或者说是思维启蒙一直是他在做的。</p>
<p>&nbsp;</p>
<p>Den爸的启蒙教育呢，其实<strong>核心思想非常简单，就是落实到生活中的方方面面。</strong></p>
<p>&nbsp;</p>
<p>Den宝两岁半的时候，就可以分得清里外、左右、大小、远近、轻重、形状、颜色、概率等需要比较和分类的概念，也可以应用到生活中。</p>
<p>&nbsp;</p>
<p>比如有一天从学校带回来两只蜗牛，回家后跟爸爸去院子里给他的新宠找树叶，义正言辞地表达他的需求：</p>
<p>&nbsp;</p>
<p>&ldquo;爸爸和Den一起出去，到院子里面<strong>找两片树叶，大的给大蜗牛，小的给小蜗牛，小蜗牛吃大树叶</strong></p>
<p><strong>可能会噎到，也可能噎不到...&rdquo;</strong></p>
<p>旁边的Den爸还不忘问问树叶的颜色、形状，再让他的小学员联想下其他同类。</p>
<figure data-size="small"><img class="origin_image zh-lightbox-thumb lazy" src="https://pic4.zhimg.com/80/v2-2f4330ba61856006aa9ab01f71b089c8_720w.jpg?source=1940ef5c" width="1128" data-rawwidth="1128" data-rawheight="896" data-size="small" data-default-watermark-src="https://pic2.zhimg.com/50/v2-14da206a955dce6865d55cfad1ea8c4e_hd.jpg?source=1940ef5c" data-original="https://pic1.zhimg.com/v2-2f4330ba61856006aa9ab01f71b089c8_r.jpg?source=1940ef5c" data-actualsrc="https://pic4.zhimg.com/50/v2-2f4330ba61856006aa9ab01f71b089c8_hd.jpg?source=1940ef5c" data-lazy-status="ok" /></figure>
<p>更早一点，当Den宝刚开始咿呀学语的时候，父子就开始这样婶儿的对话了：</p>
<p>Denden的小手放在爸爸的大手上面。<br />哦...</p>
<p>来，我们把宝宝的蓝色小衣服放到二楼的矮柜子里，爸爸的白色大衣服放到三楼的高柜子里。<br />哦哦...</p>
<p>把这块圆形的饼干放到嘴巴里面，把那块长方形的饼干放到三角形的左边。<br />哦哦哦...</p>
<p>&nbsp;</p>
<p>哦着哦着小宝宝慢慢长大了，突然有一天我发现，他可以听懂类似&ldquo;到你的房间里面把桌子上面两辆红色的小汽车拿出来，长的那一辆放到爸爸右边的桌子下面，短的那一辆放到爸爸后面的抽屉里&rdquo;这种说着都嫌绕口的指令了。</p>
<p>&nbsp;</p>
<p><strong>除了日常叨叨叨，Den爸在陪娃绘本共读的时候也不放过数学启蒙的机会</strong>。</p>
<p>&nbsp;</p>
<p>这里说的并不是专门的数学启蒙绘本，就日常陪读的任何一套绘本都可以。只要有意识，每本都可以是数学启蒙的教材，每一页都能找到进行数学启蒙的内容。</p>
<p>&nbsp;</p>
<p>我日常陪读的时候是讲故事，爸爸陪读的时候每一页都可以进行数学启蒙。</p>
<figure data-size="normal"><img class="origin_image zh-lightbox-thumb lazy" src="https://pic1.zhimg.com/80/v2-4d2224be6843e5ced3a5068095011150_720w.jpg?source=1940ef5c" width="1278" data-rawwidth="1278" data-rawheight="762" data-size="normal" data-default-watermark-src="https://pic1.zhimg.com/50/v2-07329eccafa72a7980218c40386ec03e_hd.jpg?source=1940ef5c" data-original="https://pic1.zhimg.com/v2-4d2224be6843e5ced3a5068095011150_r.jpg?source=1940ef5c" data-actualsrc="https://pic1.zhimg.com/50/v2-4d2224be6843e5ced3a5068095011150_hd.jpg?source=1940ef5c" data-lazy-status="ok" /></figure>
<p>随便找一本举个例子，这页够简单吧，可以提炼出的信息可不少。</p>
<p>&nbsp;</p>
<p>熊宝宝比熊爸爸小，熊爸爸比小宝宝大<br />熊宝宝骑在熊爸爸脖子上面</p>
<p>熊宝宝把五角星放到圣诞树的顶上<br />圣诞树是绿色的，五角星是黄色的，灯光也是黄色的，蜡烛和灯是红色的</p>
<p>有一颗五角星，两只熊，很多根蜡烛<br />大一点还可以数数多少课蜡烛甚至多少个字<br />....</p>
<p>&nbsp;</p>
<p>观察了这两年他们生活中的数学游戏，我认为数学启蒙的本质就是寓教于乐，培养孩子对数字的敏</p>
<p>感性以及基本的几何概念。</p>
<p>总结一下呢，包括但不限于以下这些：</p>
<p><strong>测量与比较，比如远近、大小、轻重、高低、多少等相对的概念</strong></p>
<p><strong>分类与归纳，比如颜色、形状等可以区分与集合的概念</strong></p>
<p><strong>空间与位置，比如前后、左右、里外等方位概念</strong></p>
<p><strong>时间与排序，比如先后，昨天今天明天，上午下午晚上</strong></p>
<p>&nbsp;</p>
<p>所有这些概念，都可以融合到生活场景日常游戏当中。任何一种类型的绘本里面，都能找到数学启蒙的素材。</p>
<p>&nbsp;</p>
<p>方法不难，贵在坚持！</p>',1,'只要有心，生活中处处都是数学启蒙的好场景，时时都是数学启蒙的好时机！',0,0,0,'2021-04-19 11:23:49.000','2021-04-27 20:25:26.470')
;INSERT INTO `edu_article_user` (`id`,`article_id`,`user_id`) VALUES ('1393099312699338754','1383980336606097410','1364168170046734338')
,('1392670472424448001','1383981268924379138','1364168170046734338')
,('1392670477122068481','1383981984657190913','1364168170046734338')
,('1392670480985022465','1383982249212915714','1364168170046734338')
;INSERT INTO `edu_chapter` (`id`,`course_id`,`title`,`sort`,`gmt_create`,`gmt_modified`) VALUES ('1383761247367405569','1383761164894806017','宝宝巴士之数学大冒险',0,'2021-04-18 20:36:05.000','2021-04-18 20:37:03.087')
,('1383774254273208322','1383774201483698177','幼儿园学前班数学',0,'2021-04-18 21:27:46.157','2021-04-18 21:27:46.157')
,('1383779422234550273','1383779378311798785','3-6岁幼儿数学思维游戏',0,'2021-04-18 21:48:18.297','2021-04-18 21:48:18.297')
,('1383782447959318530','1383782403717799937','抓住变颜色的大灰狼',0,'2021-04-18 22:00:19.000','2021-04-18 22:01:11.017')
,('1383782984247222273','1383782941549207553','幼小衔接儿童启蒙',0,'2021-04-18 22:02:27.547','2021-04-18 22:02:27.547')
,('1383783539241721858','1383783462569844737','和恐龙戴诺学习形状',1,'2021-04-18 22:04:39.000','2021-04-18 22:29:07.480')
,('1383785953034313729','1383783462569844737','和恐龙戴诺学习颜色',1,'2021-04-18 22:14:15.000','2021-04-18 22:40:05.830')
,('1383794699168915457','1383794650712121346','数字',0,'2021-04-18 22:49:00.603','2021-04-18 22:49:00.603')
,('1383795092133257217','1383794650712121346','比较与测量',2,'2021-04-18 22:50:34.000','2021-05-14 14:53:21.693')
,('1383795389710737409','1383794650712121346','综合',0,'2021-04-18 22:51:45.000','2021-04-18 22:53:44.937')
,('1383796433693974530','1383794650712121346','认识',0,'2021-04-18 22:55:54.000','2021-04-18 22:56:59.447')
,('1386872538193739777','1386872518417596418','11',0,'2021-04-27 10:39:14.610','2021-04-27 10:39:14.610')
;INSERT INTO `edu_comment` (`id`,`parent_id`,`user_id`,`nickname`,`avatar`,`content`,`type`,`is_deleted`,`gmt_create`,`gmt_modified`) VALUES ('1384050735322886146','1383980336606097410','1364168170046734338','逍遥日辰','http://thirdwx.qlogo.cn/mmopen/vi_32/DYAIOgq83eoj0hHXhgJNOTSOFsS4uZs8x1ConecaVOB8eIl115xmJZcT4oCicvia7wMEufibKtTLqiaJeanU2Lpg3w/132','好的',1,1,'2021-04-19 15:46:24.377','2021-04-19 15:46:24.377')
,('1386356068808474626','1383761164894806017','1364168170046734338','逍遥日辰','http://thirdwx.qlogo.cn/mmopen/vi_32/DYAIOgq83eoj0hHXhgJNOTSOFsS4uZs8x1ConecaVOB8eIl115xmJZcT4oCicvia7wMEufibKtTLqiaJeanU2Lpg3w/132','好！',0,0,'2021-04-26 00:26:58.713','2021-04-26 00:26:58.713')
,('1386873116210860033','1383794650712121346','1364168170046734338','逍遥日辰','http://thirdwx.qlogo.cn/mmopen/vi_32/DYAIOgq83eoj0hHXhgJNOTSOFsS4uZs8x1ConecaVOB8eIl115xmJZcT4oCicvia7wMEufibKtTLqiaJeanU2Lpg3w/132','11',0,1,'2021-04-27 10:41:32.420','2021-04-27 10:41:32.420')
,('1386873235069046785','1383982249212915714','1364168170046734338','逍遥日辰','http://thirdwx.qlogo.cn/mmopen/vi_32/DYAIOgq83eoj0hHXhgJNOTSOFsS4uZs8x1ConecaVOB8eIl115xmJZcT4oCicvia7wMEufibKtTLqiaJeanU2Lpg3w/132','233',1,1,'2021-04-27 10:42:00.757','2021-04-27 10:42:00.757')
,('1387020283407863809','1383981268924379138','1364168170046734338','逍遥日辰','http://thirdwx.qlogo.cn/mmopen/vi_32/DYAIOgq83eoj0hHXhgJNOTSOFsS4uZs8x1ConecaVOB8eIl115xmJZcT4oCicvia7wMEufibKtTLqiaJeanU2Lpg3w/132','手术',1,0,'2021-04-27 20:26:19.813','2021-04-27 20:26:19.813')
,('1387020657309093889','1383982580311273474','1364168170046734338','逍遥日辰','http://thirdwx.qlogo.cn/mmopen/vi_32/DYAIOgq83eoj0hHXhgJNOTSOFsS4uZs8x1ConecaVOB8eIl115xmJZcT4oCicvia7wMEufibKtTLqiaJeanU2Lpg3w/132','11',1,0,'2021-04-27 20:27:48.957','2021-04-27 20:27:48.957')
,('1392669120973520898','1383761164894806017','1364495328992497666','季夏余廿','https://thirdwx.qlogo.cn/mmopen/vi_32/Q0j4TwGTfTKmNnjcib8AGd4iaeXI3EZ6jIszwuZoQrIUvleJeENyy419y9AuvR7UZJD8HlzmrxhZ66vy94TZEvUA/132','1111',0,1,'2021-05-13 10:32:47.640','2021-05-13 10:32:47.640')
,('1393097636458340354','1383774201483698177','1364168170046734338','逍遥日辰','http://thirdwx.qlogo.cn/mmopen/vi_32/DYAIOgq83eoj0hHXhgJNOTSOFsS4uZs8x1ConecaVOB8eIl115xmJZcT4oCicvia7wMEufibKtTLqiaJeanU2Lpg3w/132','111',0,1,'2021-05-14 14:55:33.693','2021-05-14 14:55:33.693')
;INSERT INTO `edu_course` (`id`,`subject_id`,`subject_parent_id`,`title`,`price`,`lesson_num`,`cover`,`view_count`,`version`,`status`,`is_deleted`,`gmt_create`,`gmt_modified`,`comment_num`) VALUES ('1383761164894806017','1383691757753540610','1383691757564796930','宝宝巴士之数学大冒险',0.00,12,'http://qq-guli.oss-cn-hangzhou.aliyuncs.com/2021/04/18/8c0884c4b01d48dd994f8b0681c9e8ac01.jpg',2,1,'Normal',0,'2021-04-18 20:35:45.407','2021-05-13 10:33:11.173',1)
,('1383774201483698177','1383691757850009602','1383691757824843777','【黏土】超轻粘土数字',0.00,1,'http://qq-guli.oss-cn-hangzhou.aliyuncs.com/2021/04/18/8b966e247d7640728b108b30a1a8555201.jpg',2,1,'Normal',0,'2021-04-18 21:27:33.573','2021-05-14 14:55:42.620',0)
,('1383779378311798785','1383691757753540610','1383691757564796930','3-6岁幼儿数学思维游戏',0.00,1,'http://qq-guli.oss-cn-hangzhou.aliyuncs.com/2021/04/18/874e66c5e83a446883a0ef4ff02207ed01.jpg',3,1,'Normal',0,'2021-04-18 21:48:07.823','2021-05-14 15:00:38.693',0)
,('1383782403717799937','1383691757850009602','1383691757824843777','宝宝巴士之学习颜色儿歌童谣',0.00,1,'http://qq-guli.oss-cn-hangzhou.aliyuncs.com/2021/04/18/6c6fb54107c94325a11b7457fe99982b01.jpg',1,1,'Normal',0,'2021-04-18 22:00:09.137','2021-04-27 18:33:59.767',0)
,('1383782941549207553','1383691757787095042','1383691757564796930','乘法口诀表',1.00,1,'http://qq-guli.oss-cn-hangzhou.aliyuncs.com/2021/04/18/bff8f0d61ba04fbcae59bc8b9ac9af6b01.jpg',1,1,'Normal',0,'2021-04-18 22:02:17.367','2021-04-19 10:01:53.867',0)
,('1383783462569844737','1383691757850009602','1383691757824843777','幼儿早教',100.00,21,'http://qq-guli.oss-cn-hangzhou.aliyuncs.com/2021/04/18/fe2090b18abd4a809fd2ac34ecd7087201.jpg',0,1,'Normal',0,'2021-04-18 22:04:21.587','2021-04-18 22:47:26.590',0)
,('1383794650712121346','1383691757678043138','1383691757564796930','DODO数学',10.00,3,'http://qq-guli.oss-cn-hangzhou.aliyuncs.com/2021/04/18/798c64f3a4054ec6a2b10b8b2bfbd6bb01.jpg',2,1,'Normal',0,'2021-04-18 22:48:49.047','2021-05-14 14:53:11.637',0)
,('1386872518417596418','1384047569814433794','1383691757824843777','22',0.00,1,'https://qq-guli.oss-cn-hangzhou.aliyuncs.com/cover/default.jpg',0,1,'Draft',0,'2021-04-27 10:39:09.893','2021-04-27 10:39:09.893',0)
;INSERT INTO `edu_course_description` (`id`,`description`,`gmt_create`,`gmt_modified`) VALUES ('1383761164894806017','<p>宝宝巴士之数学大冒险</p>','2021-04-18 20:35:45.417','2021-04-19 15:34:32.003')
,('1383774201483698177','<p>【黏土】超轻粘土数字</p>','2021-04-18 21:27:33.583','2021-04-18 21:27:33.583')
,('1383779378311798785','<p>3-6岁幼儿数学思维游戏</p>','2021-04-18 21:48:07.833','2021-04-18 21:48:07.833')
,('1383782403717799937','<p>宝宝巴士之学习颜色儿歌童谣</p>','2021-04-18 22:00:09.147','2021-04-18 22:00:09.147')
,('1383782941549207553','<p>乘法口诀表</p>','2021-04-18 22:02:17.370','2021-04-18 22:02:17.370')
,('1383783462569844737','<p>幼儿早教</p>','2021-04-18 22:04:21.590','2021-04-18 22:47:22.517')
,('1383794650712121346','<p>【DODO数学+】</p>','2021-04-18 22:48:49.057','2021-05-14 14:53:11.653')
,('1386872518417596418','','2021-04-27 10:39:09.913','2021-04-27 10:39:09.913')
;INSERT INTO `edu_game` (`id`,`title`,`cover`,`content`,`is_deleted`,`gmt_create`,`gmt_modified`) VALUES ('1378957606395576321','乐高排排坐','http://qq-guli.oss-cn-hangzhou.aliyuncs.com/2021/04/18/0b1b77e82da44b43816fa66bee47c9a701.jpg','<p><span style="font-size: 12pt;"><strong>材<span style="background-color: #e03e2d;">料：乐高、纸。</span></strong></span></p>
<p><span style="font-size: 12pt; background-color: #e03e2d;"><strong>准备：打印一张数字表格，或者在纸上写出1-10数字，留出空白处。</strong></span></p>
<p><span style="font-size: 12pt;"><strong>玩法：拼出对应数量的乐高，摆在数字旁吧，还能直观看到多和少，高和矮。</strong></span></p>
<p><strong><span style="font-size: 12pt;">Tips：乐高不仅是建构玩具，还是数学神器，测量、比较、找规律、对称、空间&hellip;&hellip;和娃一起开脑洞吧。<img src="http://qq-guli.oss-cn-hangzhou.aliyuncs.com/2021/04/18/4ec2ddbd86d043a1966a8014413f55ef02.jpg" alt="" width="600" height="504" /><img src="http://qq-guli.oss-cn-hangzhou.aliyuncs.com/2021/04/18/ee560e02f30e4e63813733127047161a03.jpg" alt="" width="600" height="413" /></span></strong></p>',0,'2021-04-05 14:28:07.000','2021-04-19 15:36:19.437')
,('1379289895738658818','树上有几颗小苹果','http://qq-guli.oss-cn-hangzhou.aliyuncs.com/2021/04/18/2b995a199f6643cca3b288bb61e6c90501.jpg','<p><span style="color: #2dc26b;"><strong>材料：红色绒球、纸、打印机。</strong></span></p>
<p><span style="color: #2dc26b;"><strong>准备：打印出苹果树，剪成卡片。</strong></span></p>
<p><strong>玩法：念出卡片上的数字，一个个把&ldquo;红苹果&rdquo;放到树上吧。卡片排列在一起，看看有什么不同呢？</strong></p>
<p><strong>Tips：绒球对于幼儿园的娃，是很好的手工材料，对小娃，可以做成感官瓶或感官袋，手感奇特，颜色鲜艳，调动多感官。</strong></p>
<p><strong><img src="http://qq-guli.oss-cn-hangzhou.aliyuncs.com/2021/04/18/8f01673316704d519fc421460e272e7602.jpg" alt="" width="600" height="602" /></strong></p>',0,'2021-04-06 12:28:31.000','2021-04-18 19:18:10.220')
,('1379290435373617153','很饿很饿的毛毛虫','http://qq-guli.oss-cn-hangzhou.aliyuncs.com/2021/04/18/46613130fc6b40cbbae423e0b44ec83f03.jpg','<p><strong>材料：绒球、彩纸、卫生纸卷筒芯、剪刀、胶水、筛子、黄毛根、打孔器、骰子。</strong></p>
<p><strong>准备：绿色彩纸剪成合适宽窄，用胶水粘在卫生纸卷筒芯一周。用打孔器打两个孔，用毛根穿过扭扭，作为毛毛虫的头部触角。</strong></p>
<p><strong>玩法：掷骰子，喂给毛毛虫对应数量的绒球吧，喂一个，就大声数出来吧。大点的娃，还可以掷两次骰子玩加法，用不同颜色绒球作区分。</strong></p>
<p><strong>Tips：卡尔爷爷的《很饿很饿的毛毛虫》是很多娃的最爱，延伸出的动手游戏更是花样翻新，一起开脑洞吧。</strong></p>
<p><img src="http://qq-guli.oss-cn-hangzhou.aliyuncs.com/2021/04/18/304e2af293934a89931e168ce8ba373301.jpg" alt="" width="720" height="585" /><img src="http://qq-guli.oss-cn-hangzhou.aliyuncs.com/2021/04/18/4fbede6ad3b3446883e84204eae0166702.jpg" alt="" width="492" height="400" /><img src="http://qq-guli.oss-cn-hangzhou.aliyuncs.com/2021/04/18/43edc658fe754571986912ad37c6177203.jpg" alt="" width="720" height="586" /><img src="http://qq-guli.oss-cn-hangzhou.aliyuncs.com/2021/04/18/729227ad88a148ee91370809d6809d4f04.jpg" alt="" width="984" height="800" /></p>',0,'2021-04-06 12:30:40.000','2021-04-18 19:19:32.160')
,('1379290758959976449','装饰圣诞树','http://qq-guli.oss-cn-hangzhou.aliyuncs.com/2021/04/18/0bb53ba8717d46449e6bf8a50dfc16da01.jpg','<p><strong>材料：绒球、纸、打印机、剪刀。</strong></p>
<p><strong>准备：打印出圣诞树样式，剪成卡片。</strong></p>
<p><strong>玩法：可以先用小手沿着箭头方向划写数字，念出数字歌谣。用绒球装饰圣诞树吧。除了匹配数量，还可以引导加减法的概念，比如数字7卡片，放上3个绒球了，还要放几个呢？一起验证答案吧。</strong></p>
<p><strong><img src="http://qq-guli.oss-cn-hangzhou.aliyuncs.com/2021/04/18/fcda6784cd0a487bb1bcebe824c7460902.jpg" alt="" width="600" height="386" /></strong></p>',0,'2021-04-06 12:31:57.000','2021-04-18 19:20:01.470')
,('1379291153866280961','给小熊系扣子','http://qq-guli.oss-cn-hangzhou.aliyuncs.com/2021/04/18/9893b9f918c642ef9081afc193ecf92401.jpg','<p><strong>材料：纽扣、纸、打印机。</strong></p>
<p><strong>准备：打印出数字小熊，剪成卡片。</strong></p>
<p><strong>玩法：爸妈陪同，避免小娃误食纽扣。给小熊送上对应数量的纽扣吧。可以让娃体会到，数量不受纽扣大小、颜色、样式的影响。除了顺序数数，还可以摆上跳数卡片，比如2、4、6&hellip;&hellip;边摆边数数吧。</strong></p>
<p><img src="http://qq-guli.oss-cn-hangzhou.aliyuncs.com/2021/04/18/47de8b525dcf4cb1b3095cc3072741f702.jpg" alt="" width="532" height="433" /><img src="http://qq-guli.oss-cn-hangzhou.aliyuncs.com/2021/04/18/9739f4496a734ff3a86c0b2c1148675403.jpg" alt="" width="720" height="586" /><img src="http://qq-guli.oss-cn-hangzhou.aliyuncs.com/2021/04/18/161aa704bdc7418dab59e2b0097c312a04.jpg" alt="" width="542" height="725" /><img src="http://qq-guli.oss-cn-hangzhou.aliyuncs.com/2021/04/18/b9b422032a6e47a5afcc5dd231f4834005.jpg" alt="" width="568" height="760" /></p>',0,'2021-04-06 12:33:31.000','2021-04-18 19:21:33.360')
,('1379291405339971586','我看见几只小熊','http://qq-guli.oss-cn-hangzhou.aliyuncs.com/2021/04/18/5184b195474d4e9594dd38c0c27b331f01.jpg','<p><strong>材料：纸、小熊玩具、打印机。</strong></p>
<p><strong>准备：打印出素材，剪成图中卡条。</strong></p>
<p><strong>玩法：按照颜色和数量，放上对应的小熊，大声数一数，我看见几只小熊呀？数到几，就有几只。还可以模拟《棕熊棕熊，你看到了什么》的句式，说一说你看到了几只小熊。</strong></p>
<p><img src="http://qq-guli.oss-cn-hangzhou.aliyuncs.com/2021/04/18/4e8912b970e64e71b401eb647dbe69b003.jpg" alt="" width="600" height="376" /></p>',0,'2021-04-06 12:34:31.000','2021-04-18 19:22:38.360')
,('1379291662840877057','几只小熊来坐车','http://qq-guli.oss-cn-hangzhou.aliyuncs.com/2021/04/18/3162310630ee42d0aa13fdf6f4080bda02.jpg','<p><strong>材料：纸、打印机、小熊玩具、数字卡（可选）。</strong></p>
<p><strong>准备：打印出公交车素材，配上数字卡或写上数字。</strong></p>
<p><strong>玩法：几只小熊来坐车呢？一只一只送上车吧。坐好后再数一数，数到几，就有几只小熊，数字对了就出发啦。</strong></p>
<p><img src="http://qq-guli.oss-cn-hangzhou.aliyuncs.com/2021/04/18/a7f667667a864bb7948eed43063aab9901.jpg" alt="" width="600" height="402" /><img src="http://qq-guli.oss-cn-hangzhou.aliyuncs.com/2021/04/18/63027fa160b44d5298c3e2fd69173d3502.jpg" alt="" width="720" height="790" /></p>',0,'2021-04-06 12:35:33.000','2021-04-18 19:23:53.310')
,('1379291802951602178','盖住几只彩色小熊','http://qq-guli.oss-cn-hangzhou.aliyuncs.com/2021/04/18/0afecce81a404025af28b54bed880c5001.jpg','<p><strong>材料：纸、小熊玩具、打印机、骰子。</strong></p>
<p><strong>准备：打印出素材，在玩具筛子各面贴上彩色小熊卡片。</strong></p>
<p><strong>玩法：掷骰子，选到什么颜色，就在对应的颜色上摆上同色小熊，数一数有几只。哪种颜色的小熊最多呢？还可以比赛，加一个数字筛子，看谁最先把同一个颜色的小熊都盖住。</strong></p>
<p><img src="http://qq-guli.oss-cn-hangzhou.aliyuncs.com/2021/04/18/b0a030c1d063459c9551c20deb1dbdc202.jpg" alt="" width="720" height="515" /></p>',0,'2021-04-06 12:36:06.000','2021-04-18 19:24:26.553')
,('1379291926549352450','哪支汪汪队出列','http://qq-guli.oss-cn-hangzhou.aliyuncs.com/2021/04/18/81fe5ee0af51470697e643a8de6822f601.jpg','<p><strong>材料：纸、打印机、笔或贴纸。</strong></p>
<p><strong>准备：打印出素材。</strong></p>
<p><strong>玩法：数一数，哪一组汪汪队队员数量和数字一致，用笔圈出或用贴纸标识吧。</strong></p>',0,'2021-04-06 12:36:35.000','2021-04-18 19:24:55.167')
,('1379291990227275777','汪汪队有几位成员','http://qq-guli.oss-cn-hangzhou.aliyuncs.com/2021/04/18/01547335e5c64ff398597df406e7681002.jpg','<p><strong>材料：纸、打印机、笔或贴纸。</strong></p>
<p><strong>准备：打印出素材。</strong></p>
<p><strong>玩法：数一数，图中有几位汪汪队成员，用笔圈出或用贴纸标识数字吧。</strong></p>',0,'2021-04-06 12:36:51.000','2021-04-18 19:25:03.670')
,('1379292239784169474','彩绘石头配对','http://qq-guli.oss-cn-hangzhou.aliyuncs.com/2021/04/18/c9482495ad2a41a1bde7b3228a369e6401.jpg','<p><strong>材料：石头、颜料、画笔。</strong></p>
<p><strong>准备：出去玩时捡回的漂亮石头清洗干净，黑色石头用本色就好，杂色石头用颜料涂成白色并晾干。</strong></p>
<p><strong>玩法：在黑色石头上写上数字，还可以用两块石头组成两位数。在白色石头上画出彩色点点，和数字对应起来吧。还可以试试加法，两块白石头上总共几个点呢？</strong></p>
<p><strong>Tips：石头也是很有趣的玩耍材料，画画、比较重量、做手工&hellip;&hellip;</strong></p>
<p><img src="http://qq-guli.oss-cn-hangzhou.aliyuncs.com/2021/04/18/5fd37eebc34e4842875032476702709202.jpg" alt="" width="600" height="543" /><img src="http://qq-guli.oss-cn-hangzhou.aliyuncs.com/2021/04/18/27059995cac941f4a68c0aabd567719d03.jpg" alt="" width="1080" height="695" /></p>',0,'2021-04-06 12:37:50.000','2021-04-18 19:25:47.570')
,('1379292364770234369','盖住小苹果','http://qq-guli.oss-cn-hangzhou.aliyuncs.com/2021/04/18/aeaf471512974896afbb9f23d893f88401.jpg','<p><strong>材料：骰子、小苹果橡皮、纸、打印机。</strong></p>
<p><strong>准备：打印出苹果树素材。</strong></p>
<p><strong>玩法：掷骰子，用小苹果橡皮盖住对应的数字。也可以用红点贴纸/红色绒球或红色马克笔代替小苹果橡皮。<img src="http://qq-guli.oss-cn-hangzhou.aliyuncs.com/2021/04/18/30843b025dad4098b13f0da4d6d3e91402.jpg" alt="" width="600" height="400" /></strong></p>',0,'2021-04-06 12:38:20.000','2021-04-18 19:26:18.277')
,('1379292501185777666','把贴纸送回家','http://qq-guli.oss-cn-hangzhou.aliyuncs.com/2021/04/18/d8213a1053b945bc9bece2d155301ec001.jpg','<p><strong>材料：纸箱一面、彩色圆点贴纸、马克笔、尺子。</strong></p>
<p><strong>准备：在纸箱一面用马克笔画出格子，写上数字。</strong></p>
<p><strong>玩法：在格子里贴上对应数量的贴纸吧，直观看到各个数字代表的量，感受到多与少。</strong></p>
<p><strong>Tips：动手的方式最符合娃的学习规律，因为娃多是动觉型学习者，长大后才慢慢变为视觉型或听觉型。小时候互动式的动手游戏是最适合的学习方式。<img src="http://qq-guli.oss-cn-hangzhou.aliyuncs.com/2021/04/18/72d7b6657148403293e6533554b9a3ab02.jpg" alt="" width="1080" height="658" /></strong></p>',0,'2021-04-06 12:38:52.000','2021-04-18 19:26:49.713')
,('1379292628403212290','数字公路','http://qq-guli.oss-cn-hangzhou.aliyuncs.com/2021/04/18/8b133ed41f7a47dc93c54e2981e1614401.jpg','<p><strong>材料：彩纸、画笔、玩具小车。</strong></p>
<p><strong>准备：在彩纸上画出数字公路和数字表格。</strong></p>
<p><strong>玩法：让小车沿着数字公路跑一跑吧，数字写作练习。在停车场上停放对应数量的小车，从小到大排列，或者按颜色排列，还能锻炼找规律的思维。</strong></p>
<p><strong>Tips：同样的方法，还可以玩字母公路、汉字公路。<img src="http://qq-guli.oss-cn-hangzhou.aliyuncs.com/2021/04/18/8be4fdf2d59a444abd1234c25dbb8b5c02.jpg" alt="" width="600" height="392" /></strong></p>',0,'2021-04-06 12:39:23.000','2021-04-18 19:27:50.550')
,('1379292834607779841','数字拼图','http://qq-guli.oss-cn-hangzhou.aliyuncs.com/2021/04/18/f2f539c780af462a888652db056c280802.jpg','<p><strong>材料：纸、打印机、剪刀。</strong></p>
<p><strong>准备：打印出素材，把拼图各部分分别剪下。</strong></p>
<p><strong>玩法：数一数图中的数量，把相同数量的拼图拼在一起吧，看看能组成什么数字。试试不同的组合方式吧。<img src="http://qq-guli.oss-cn-hangzhou.aliyuncs.com/2021/04/18/8e451cf043f546518d6710dc7d75a6c601.jpg" alt="" width="584" height="455" /><img src="http://qq-guli.oss-cn-hangzhou.aliyuncs.com/2021/04/18/e1b2894c462d4fab86bc146505645a9103.jpg" alt="" width="600" height="450" /></strong></p>',0,'2021-04-06 12:40:12.000','2021-04-18 19:28:34.827')
,('1379292969546928129','鸡蛋拼图','http://qq-guli.oss-cn-hangzhou.aliyuncs.com/2021/04/18/46c5253a105840d19a5889a1c7a4b1d001.jpg','<p><strong>材料：纸、打印机、剪刀、彩笔/棉签+颜料。</strong></p>
<p><strong>准备：打印出鸡蛋，用剪刀把拼图各部分剪下。</strong></p>
<p><strong>玩法：用彩笔或棉签涂色美化吧，给数字涂色也是很好的书写练习。数一数有几个彩色点，和哪个鸡蛋壳是一组哒。<img src="http://qq-guli.oss-cn-hangzhou.aliyuncs.com/2021/04/18/920a6eb481424a649460fe6a5094eb6002.jpg" alt="" width="600" height="400" /></strong></p>',0,'2021-04-06 12:40:44.000','2021-04-18 19:29:05.693')
,('1379293280642650113','雪糕拼图','http://qq-guli.oss-cn-hangzhou.aliyuncs.com/2021/04/18/4eddf39382d74119ba1a042304d5577e01.jpg','<p><strong>材料：纸、打印机、剪刀。</strong></p>
<p><strong>准备：把雪糕打印出来，各部分剪开。</strong></p>
<p><strong>玩法：数一数各部分的数量，和对应的数字拼在一起吧，看看能组合出什么样式的雪糕。<img src="http://qq-guli.oss-cn-hangzhou.aliyuncs.com/2021/04/18/6b4cdcb5193e4b0bbf9e0cb39653d65302.jpg" alt="" width="600" height="407" /><img src="http://qq-guli.oss-cn-hangzhou.aliyuncs.com/2021/04/18/e817ab87aca34cb985f0662f09ca725c03.jpg" alt="" width="720" height="375" /></strong></p>',0,'2021-04-06 12:41:58.000','2021-04-18 19:29:42.917')
;INSERT INTO `edu_material` (`id`,`title`,`cover`,`link`,`introduction`,`type`,`is_abroad`,`is_deleted`,`gmt_create`,`gmt_modified`) VALUES ('1377511149058768897','IXL（从学前到12年级）','http://qq-guli.oss-cn-hangzhou.aliyuncs.com/2021/04/18/96bc4bb83752474b8090d2416a1dbb0701.jpg','https://www.ixl.com/','这个网站不只有数学，还有科学、英语方面的学习内容，覆盖从学前、幼儿园、1-12年级所有知识点。<br>IXL这个网站知识点非常全，覆盖了学前到高三孩子需要掌握的所有内容，它本身是个付费的网站，但不注册不登录也可以使用，只不过每天刷题数有个上限，只能刷7道题。<br>但咱们只要换个浏览器，还能继续刷题哦~',0,1,0,'2021-04-01 14:40:25.000','2021-04-19 15:35:45.163')
,('1377513046603841537','Khan academy（免费注册使用，从讲解到练习）','http://qq-guli.oss-cn-hangzhou.aliyuncs.com/2021/04/18/5841bc6cacb24da59b999967c82bec681.png','https://www.khanacademy.org/','大名鼎鼎的可汗学院，教数学起家的，连比尔·盖茨都是它的铁粉、真爱粉。<br>可汗学院用邮箱可以免费注册使用，建议大家注册登录后，先测一下孩子的数字概念，如果这部分也是零，最好补上再用视频学习。要不然，内容和语言两样都陌生，效果就不好了。<br>不过，国内的孩子数学启蒙都早，所以差不多三四岁的应该都可以从early math学起来。',0,1,0,'2021-04-01 14:47:57.000','2021-04-18 18:54:23.700')
,('1377514710719119361','Worksheet Works（海量可打印习题资源）','http://qq-guli.oss-cn-hangzhou.aliyuncs.com/2021/04/18/1a3b6c1b70974e9fa81d54dae6895d221.png','https://www.worksheetworks.com/','Worksheet Works的页面简洁到不能更简洁了，除了数学，这里也有英文、地理等其它学科内容。<br>Worksheet Works为大家提供了海量练习题打印资源，但是家长要先对孩子数学基础和学习进度有比较清晰的了解，再有针对性地定制练习题哈。',0,1,0,'2021-04-01 14:54:34.000','2021-04-18 18:55:10.470')
,('1377515193970049025','Beestar（1-8年级可打印习题资源）','http://qq-guli.oss-cn-hangzhou.aliyuncs.com/2021/04/18/58b16eba656f40df8c8185379b67c90401.jpg','https://www.beestar.org/','这个网站进来之后直奔“Printable Worksheets”这里就可以，1-8年级的数学题都可以随意下载打印，不需要注册登录。<br>跟Worksheet Works相比，这个网站的知识点划分得更细致，方便家长根据孩子学习进度来选择要下载打印的内容。',0,1,0,'2021-04-01 14:56:29.000','2021-04-18 19:10:57.683')
,('1377515607775887362','Starfall（低龄孩子小游戏）','http://qq-guli.oss-cn-hangzhou.aliyuncs.com/2021/04/18/0f504b044a474eafabd382fe1fb1f40d1.png','https://www.starfall.com/h/','Starfall这个网站都是好玩的小游戏，真正的寓教于乐，除了数学还有英文，覆盖学前到3年级的内容，比较适合低龄小朋友。<br>付费注册后，可以解锁所有的游戏，在没注册没登录的情况下，可以免费使用一部分。彩色封面的游戏是已经解锁可以玩的，灰色游戏需要付费注册，登录后才能玩哈~<br>通过小游戏来巩固知识，本来就是一种调剂，没有必要付费注册，免费的小游戏就完全够咱们孩子玩的了。',0,1,0,'2021-04-01 14:58:08.000','2021-04-18 18:56:11.710')
,('1377515982222376961','Hooda Math（海量数学游戏）','http://qq-guli.oss-cn-hangzhou.aliyuncs.com/2021/04/18/a7eacaa522434fafbe022af8f25492371.png','http://www.hoodamath.com/','这是一个数学游戏网站，一打开就会被主页密密麻麻的小游戏吓一跳。<br>下面可以根据孩子年纪选择幼儿园到高中不同难度和类型的游戏，还可以根据主题来选，比如加减乘除分数等等。<br>这个数学游戏网站里的游戏种类实在太全了，各种算术、逻辑、空间几何、拼图游戏……让孩子在玩中学，在玩中练，能大大提高孩子的学习兴趣和逻辑思维能力。关键还全部免费，简直太赞了！',0,1,0,'2021-04-01 14:59:37.000','2021-04-18 18:57:44.657')
,('1377521966718238721','Math Playground（培养数学思维）','http://qq-guli.oss-cn-hangzhou.aliyuncs.com/2021/04/01/a80d57573e3044a4a093d39de45b5d5eQQ截图20210401143330.png','https://www.mathplayground.com/','这是一个专门的数学学习网站，不管是游戏、视频，还是各种学习内容，都围绕着数学展开，5-12岁孩子都适用。<br>建模思维，在Math Playground网站就有非常详细的讲解。<br>这个网站专注于做数学内容，除了上面说的数学思维训练，还有各种小游戏、视频等等，内容相当丰富和全面了。',0,1,0,'2021-04-01 15:23:24.000','2021-04-01 19:56:34.577')
,('1377523901798137857','Learning for kids（趣味性练习）','http://qq-guli.oss-cn-hangzhou.aliyuncs.com/2021/04/18/129f93a82d51490c8a7e1cff03b60a1c1.png','http://www.learningforkids.net/','综合性的学习网站，学前到六年级的内容都有，包含数学、科学、英文、计算机、健康、技能等等各个种类。可以按年级来选择适合自己孩子的学习内容。比如选择二年级，那下面显示的就都是适合这个年纪孩子的数学内容。<br>这个网站内容制作很精致，趣味性很强，而且覆盖的数学知识点也很全面，虽然不是游戏，但又把练习题融合到动画里，5-12岁孩子都可以玩。',0,1,0,'2021-04-01 15:31:06.000','2021-04-18 18:58:46.033')
,('1377526473564995586','2kids学数学','http://qq-guli.oss-cn-hangzhou.aliyuncs.com/2021/04/18/e307ddc446af4c15aea13f48a9c714af1.png','https://app.mi.com/details?id=cn.kidsapp.mathPractice','2kids学数学课程针对4-7岁的孩子，共有42关，从内容来看，2kids学数学所学的内容基本涵盖小学一年级所学内容，关联较为紧密。它采用故事导入+游戏闯关的学习方式，42个关卡中每一关都是一个小情节，串联起来就是一个完整的故事，关联性较强。<br>2kids整个学习的环节就是用以练代学的方式让孩子掌握数学知识，但并没有对孩子进行系统的教学。不过，2kids学数学更新较慢，关卡一直只有42关，距离上次更新已经是1年前的事情，对年龄稍大的孩子来说，如果家长不设置使用时间，可能用不了多久就能完成通关。<br>2kids学数学虽然以练代学，但练习量对于孩子来说还是太少了，练习局限性也比较大，家长把它作为课外的一本简单练习册来用就好。',1,0,0,'2021-04-01 15:41:19.000','2021-04-18 18:59:36.137')
,('1377526927770370049','麦田数学','http://qq-guli.oss-cn-hangzhou.aliyuncs.com/2021/04/18/ef2aa6ae991e4866881b3d8a8c998d8b01.jpg','http://www.mytian.com.cn/mytian_App/mytian_ma_detail.html','麦田数学课程一共有8个级别，每个级别都有4-5个单元。它的L1~L6基本覆盖?教版?学一年级的内容，L6~L8的个别内容会跨越?三年级。<br>目前麦田数学的课程针对3~6岁的孩子，它把3-6岁的孩子学习分为三个阶段，分别是：<br>3-4岁，掌握具体数量的概念，以数数为主，零基础也可以学；<br>4-5岁，学习数量与数字对应的概念，以理解为主；<br>5-6岁，学习抽象数字运算，开始初级的数字的运算。<br>麦?数学这一套幼小衔接课程，核?在于100以内的数字与加减训练，后期在高阶段课程里跨过了?年级要学的乘除法，延伸到了三年级之后的内容，但内容讲解不够，它的教学形式其实就像个“练习题库”，练习形式游戏化是它的特点。<br>如果家长完全依赖它来让孩子理解数学的相关概念再到运用层面，可能会很难，倒不如直接把它当个练习题库使用。',1,0,0,'2021-04-01 15:43:07.000','2021-04-18 19:02:29.820')
,('1377527480688689153','有道数学','http://qq-guli.oss-cn-hangzhou.aliyuncs.com/2021/04/18/90bec1ea7b93433b91136aac363b7df201.jpg','http://shuxue.youdao.com/','有道数学APP是为3-8岁孩子设计的数学启蒙APP，它含有2个板块的内容：自由练习和系统课程。<br>自由练习的每个专题下都含有3个课题，不过课题基本来源于系统课中，购买了系统课就不建议再单独购买自由练习了。<br>系统课程共有L1-L5级别，将这5个级别分为2个阶段进行学习。<br>L1-L3初级启蒙：适合3-5岁，刚开始思维启蒙的孩子；<br>L3-L5进阶启蒙：适合5-8岁，有幼小衔接需求的孩子。<br>总的来看，有道数学APP的课程对于低龄段的孩子来说并不是特别友好，内容较难，不建议家长完全依赖于这款软件带孩子学习新知识，锻炼思维能力。<br>对于已经学会基础数数的孩子来说，建议家长搭配其他系统更完善、目的更明确的课程为孩子学习，有道数学APP可以作为课外的拓展练习为孩子巩固复习，这样的高低搭配利于孩子获得更优的学习效果。',1,0,0,'2021-04-01 15:45:19.000','2021-04-18 19:04:52.517')
,('1377528159306104833','洪恩数学','http://qq-guli.oss-cn-hangzhou.aliyuncs.com/2021/04/18/b880096fda25433e98397149300110601.png','https://www.ihuman.com/website/pc/cn/math/','洪恩数学面向3-8岁的孩子，有自由模式和课程模式这两种学习模式。<br>自由模式按知识模块划分，数与量、加减计算、几何与空间、综合思维。<br>课程模式共设置了4个级别的课程，每个级别32节课，目前已开设了96节课，就目前的级别课程而言：<br>基础课程（4-6岁）：有一定基础或中班的宝贝使用<br>进阶课程（5-7岁）：有扎实基础的大班或一年级宝贝使用<br>拓展课程（6-8岁）：一年级以上的宝贝使用（备注：拓展课程未开设）<br>如果选择洪恩数学的话，建议家长能按课程模式学习。因为它更符合儿童认知发展的规律，每节课的游戏场景多种多样，趣味性强，且学习环节不是单纯的知识点讲解，会有些交互操作，比较注重数学知识与生活场景的关联。',1,0,0,'2021-04-01 15:48:01.000','2021-04-18 19:08:52.413')
,('1377529035143888897','何秋光学前数学','http://qq-guli.oss-cn-hangzhou.aliyuncs.com/2021/04/18/c41a8ce9dff14754afca6a408552327d1.png','https://www.heqiuguang.cn/download.html','何秋光学前数学APP主要针对3-7岁的孩子，课程有主线课和专项训练课，主线课包含了潜能开发基础训练和思维训练进阶课程；<br>专项训练课则更有针对性，包含了量的推理专项训练课和图形推理课。<br>除了主线课和专项训练课，APP里还有“每日五分钟”板块，里面的资源可以免费使用，这个板块为每?一练，智趣题库，数学绘本3大模块。<br>每日一练一般只有一道练习题，和思维训练课程所训练的能力是一致的；<br>智趣题库分为了4-5岁和5-7岁题库，可以看成是课程配套的练习题库；<br>数学绘本是可以作为孩子的睡前读物培养学习兴趣。<br>潜能开发课难度比较小，适合用作??启蒙，思维训练课难度中等，适合作为常规练习题搭配系统的线上课使用；而专项课里的图形专项课题型?较新颖，也有一定难度，可以作为图形模块的拓展训练。<br>学习过程中注意引导孩?开口表达，视频课的弊端之一就是孩子有想法却没有教师可以和他互动，甚至想法错误也没有人纠正。<br>如果家长是冲幼升小准备去的，有针对性更强的幼升小课程可以选择，另外何秋光纸质版的教材也不错可以搭配使用。',1,0,0,'2021-04-01 15:51:29.000','2021-04-18 19:09:16.923')
,('1377529806077935618','优学猫数学','http://qq-guli.oss-cn-hangzhou.aliyuncs.com/2021/04/18/9aaca85abea84dfca0b1a747ab5880011.png','http://www.miaokids.com/math-app.html','优学猫数学面向2-6岁孩子，从L0-L5，共有6个等级的课程，目前L3-L5的课程还未正式上线。主要学习内容包含：<br>数感与计算、空间与几何、分析与逻辑、迁移与应用、综合思维发展这5个模块，基本涵盖了早期数学启蒙阶段需要学习的内容。<br>优学猫数学除了主推模块“名师课堂”之外，还包含其他5个辅助模块：妙趣动动手、每日挑战、逻辑问答、优学猫轻课、思维练习。<br>总的来说，优学猫数学的课程容量不多，比较轻化。不过APP中的大部分内容还是需要搭配他们的配套硬件才能使用。<br>因此更建议低龄段且表达欲望不是很强烈的孩子学习使用，因为对他们来说，这类课程在一定程度上，它的学习体验可以和直播课比肩，搭配配套硬件，趣味性也相对不错。',1,0,0,'2021-04-01 15:54:33.000','2021-04-18 19:09:56.477')
,('1377530807501570050','123','https://qq-guli.oss-cn-hangzhou.aliyuncs.com/cover/banner.jpg','123','123',0,0,1,'2021-04-01 15:58:32.450','2021-04-01 15:58:32.450')
;INSERT INTO `edu_subject` (`id`,`title`,`parent_id`,`sort`,`gmt_create`,`gmt_modified`) VALUES ('1383691757564796930','基本运算能力','0                  ',0,'2021-04-18 15:59:57.410','2021-04-18 15:59:57.410')
,('1383691757678043138','计数','1383691757564796930',0,'2021-04-18 15:59:57.437','2021-04-18 15:59:57.437')
,('1383691757753540610','代数','1383691757564796930',0,'2021-04-18 15:59:57.457','2021-04-18 15:59:57.457')
,('1383691757787095042','数据','1383691757564796930',0,'2021-04-18 15:59:57.463','2021-04-18 15:59:57.463')
,('1383691757824843777','空间想象能力','0                  ',0,'2021-04-18 15:59:57.473','2021-04-18 15:59:57.473')
,('1383691757850009602','几何','1383691757824843777',0,'2021-04-18 15:59:57.477','2021-04-18 15:59:57.477')
,('1384047569814433794','测量','1383691757824843777',0,'2021-04-19 15:33:49.660','2021-04-19 15:33:49.660')
,('1384047569843793922','逻辑思维能力','0                  ',0,'2021-04-19 15:33:49.667','2021-04-19 15:33:49.667')
,('1384047569864765441','推理','1384047569843793922',0,'2021-04-19 15:33:49.673','2021-04-19 15:33:49.673')
,('1384047569894125570','数学启蒙','0                  ',0,'2021-04-19 15:33:49.683','2021-04-19 15:33:49.683')
,('1384047569944457218','游戏','1384047569894125570',0,'2021-04-19 15:33:49.693','2021-04-19 15:33:49.693')
,('1384047569973817346','启蒙','1384047569894125570',0,'2021-04-19 15:33:49.700','2021-04-19 15:33:49.700')
;INSERT INTO `edu_video` (`id`,`course_id`,`chapter_id`,`title`,`video_source_id`,`video_original_name`,`sort`,`version`,`gmt_create`,`gmt_modified`) VALUES ('1383761406897758210','1383761164894806017','1383761247367405569','第1集  大魔王抓走了小伙伴们','0ff7f5328f78423f9c5dd19945c6d403','1.第1集  大魔王抓走了小伙伴们  数学大冒险(Av43954526,P1).mp4',0,1,'2021-04-18 20:36:43.000','2021-04-18 20:37:35.017')
,('1383761692383059970','1383761164894806017','1383761247367405569','第2集  神奇的魔法树','f047c2552b8b4d66abba84ea2b1256a3','2.第2集  神奇的魔法树  数学大冒险(Av43954526,P2).mp4',0,1,'2021-04-18 20:37:51.000','2021-04-18 21:06:39.897')
,('1383761746279866369','1383761164894806017','1383761247367405569','第3集  奇妙数字迷宫  数学大冒险','712049fad08c42faad2035123ef22e8c','3.第3集  奇妙数字迷宫  数学大冒险(Av43954526,P3).mp4',0,1,'2021-04-18 20:38:04.000','2021-04-18 21:07:28.270')
,('1383761791926476801','1383761164894806017','1383761247367405569','第4集  帮鸵鸟妈妈找到蛋宝宝','38a6cd70f20e47abb8446d58e7ff69c7','4.第4集  帮鸵鸟妈妈找到蛋宝宝  数学大冒险(Av43954526,P4).mp4',0,1,'2021-04-18 20:38:14.000','2021-04-18 21:08:03.270')
,('1383761951142256642','1383761164894806017','1383761247367405569','第5集  什么是数字零？','aac4d2b0c87945b782a6b13e6bb36161','5.第5集  什么是数字零？  数学大冒险(Av43954526,P5).mp4',0,1,'2021-04-18 20:38:52.000','2021-04-18 21:08:35.043')
,('1383762018821545986','1383761164894806017','1383761247367405569','第6集  梦幻小火车','d71a0b5fe39d4ce383fa257f0b8b893e','7.第7集  坐上热气球飞向大魔王的城堡！  数学大冒险(Av43954526,P7).mp4',0,1,'2021-04-18 20:39:09.000','2021-04-18 21:08:52.880')
,('1383762095979962370','1383761164894806017','1383761247367405569','第7集  坐上热气球飞向大魔王的城堡！','3fedfb031dfb4f998276da604eeb7be3','7.第7集  坐上热气球飞向大魔王的城堡！  数学大冒险(Av43954526,P7).mp4',0,1,'2021-04-18 20:39:27.000','2021-04-18 21:10:06.030')
,('1383762138808000513','1383761164894806017','1383761247367405569','第8集  妙妙被困在了大树上','a34cf00ffe574efc9e70d08806d7b16f','8.第8集  妙妙被困在了大树上  数学大冒险(Av43954526,P8).mp4',0,1,'2021-04-18 20:39:37.000','2021-04-18 21:09:11.620')
,('1383762202678861825','1383761164894806017','1383761247367405569','第9集  蘑菇爷爷的花园 ','eeb0bdf3cbd7424cb30b743ea4151bf0','9.第9集  蘑菇爷爷的花园  数学大冒险(Av43954526,P9).mp4',0,1,'2021-04-18 20:39:52.000','2021-04-18 21:09:42.697')
,('1383770375032741889','1383761164894806017','1383761247367405569','第10集 奇奇妙妙爬到大树上，去拯救被大魔王抓的好朋友们','2fb6746dfb074a8abf23e6264424c590','10.第10集 奇奇妙妙爬到大树上，去拯救被大魔王抓的好朋友们+更多合集(Av43954526,P10).mp4',0,1,'2021-04-18 21:12:21.277','2021-04-18 21:12:21.277')
,('1383771041931272193','1383761164894806017','1383761247367405569','第11集 奇奇妙妙被困在大魔王的城堡里了，快来救救他们','9526d03787a54c0cac5198e3cd5849dc','11.第11集 奇奇妙妙被困在大魔王的城堡里了，快来救救他们 数学大冒险(Av43954526,P11).mp4',0,1,'2021-04-18 21:15:00.277','2021-04-18 21:15:00.277')
,('1383771494513451010','1383761164894806017','1383761247367405569','第12集 快来和奇奇一起打败大魔王，救出好朋友们','a7e36961a99f4504bc213989edfe80b9','12.第12集 快来和奇奇一起打败大魔王，救出好朋友们  数学大冒险(Av43954526,P12).mp4',0,1,'2021-04-18 21:16:48.180','2021-04-18 21:16:48.180')
,('1383774370300239874','1383774201483698177','1383774254273208322','《凑十歌》','fc0ac0298613463c8ec732508eacd53c','1.【黏土】超轻粘土数字《凑十歌》幼儿园学前班数学(Av86114221,P1).mp4',0,1,'2021-04-18 21:28:13.820','2021-04-18 21:28:13.820')
,('1383782151799513089','1383779378311798785','1383779422234550273','3-6岁幼儿数学思维游戏','51c6c0c2fbd14fde9c468b00406b9e1c','1.sun001(Av710030097,P1).mp4',0,1,'2021-04-18 21:59:09.077','2021-04-18 21:59:09.077')
,('1383782615467237377','1383782403717799937','1383782447959318530','学习颜色儿歌童谣','8615c127218947eda5d9b66fe38ef042','1.抓住变颜色的大灰狼  学习颜色儿歌童谣 宝宝巴士(Av47994025,P1).mp4',0,1,'2021-04-18 22:00:59.623','2021-04-18 22:00:59.623')
,('1383783078526787586','1383782941549207553','1383782984247222273','学习经验分享小学数学必会','2983f607cf1444d8a1a1a2b69ee61d91','1.乘法口诀表·幼小衔接儿童启蒙·学习经验分享小学数学必会(Av285433352,P1).mp4',0,1,'2021-04-18 22:02:50.027','2021-04-18 22:02:50.027')
,('1383784336197230593','1383783462569844737','1383783539241721858','Av43114139,P8','5432924656c840069b245b430e0ccef5','8.和恐龙戴诺还有火车一起学习形状  幼儿教育卡通(Av43114139,P8).mp4',0,1,'2021-04-18 22:07:49.877','2021-04-18 22:07:49.877')
,('1383784591479349250','1383783462569844737','1383783539241721858','Av43114139,P1','91e128d42afd4d259532e5422fb6916f','1.拆卸起重机：与恐龙戴诺学习形状  幼儿教育卡通(Av43114139,P1).mp4',0,1,'2021-04-18 22:08:50.740','2021-04-18 22:08:50.740')
,('1383784841145294850','1383783462569844737','1383783539241721858','Av43114139,P2','d9eca8735c734ba0bfc5abfd38d6b8e7','2.房子：和迷你卡车学习形状颜色  幼儿教育卡通(Av43114139,P2).mp4',0,1,'2021-04-18 22:09:50.267','2021-04-18 22:09:50.267')
,('1383785087795535873','1383783462569844737','1383783539241721858','圣诞节特辑Av43114139,P14','6a6760f8bb6944d38bb9dcdc97229ebc','14.学习形状—戴诺和戴娜堆雪人！  圣诞节特辑 - 幼儿教育卡通 Ch(Av43114139,P14).mp4',0,1,'2021-04-18 22:10:49.073','2021-04-18 22:10:49.073')
,('1383785265424310274','1383783462569844737','1383783539241721858','戴诺和戴娜举办一个生日派对Av43114139,P15','5ae8092de79947b9a01dae96e3186554','15.学习形状——戴诺和戴娜举办一个生日派对！   幼儿教育卡通 Chi(Av43114139,P15).mp4',0,1,'2021-04-18 22:11:31.420','2021-04-18 22:11:31.420')
,('1383785432869314561','1383783462569844737','1383783539241721858','戴诺和戴娜玩溜冰Av43114139,P16','eba258fdf24c445dacfe49be8077c924','16.学习形状-戴诺和戴娜玩溜冰  幼儿教育卡通 Chinese Man(Av43114139,P16).mp4',0,1,'2021-04-18 22:12:11.343','2021-04-18 22:12:11.343')
,('1383785748033511425','1383783462569844737','1383783539241721858','戴诺和戴娜玩泡泡机Av43114139,P17','880cca3056464bf7bbf9e261d9d3f93f','17.学习形状—戴诺和戴娜玩泡泡机  幼儿教育卡通 Chinese Ma(Av43114139,P17).mp4',0,1,'2021-04-18 22:13:26.000','2021-04-18 22:37:29.527')
,('1383785898281869314','1383783462569844737','1383783539241721858','Av43114139,P18','ad0a2b10c894445ab2aa84fbaa428692','18.与过山车和恐龙戴诺一起学习形状  幼儿教育卡通(Av43114139,P18).mp4',0,1,'2021-04-18 22:14:02.307','2021-04-18 22:14:02.307')
,('1383792610334220289','1383783462569844737','1383785953034313729','1.爆炸的气球(Av43107457,P1)','41868a055be44c4787f90dc7a88f91c1','1.爆炸的气球(Av43107457,P1).mp4',0,1,'2021-04-18 22:40:42.587','2021-04-18 22:40:42.587')
,('1383792778894909442','1383783462569844737','1383785953034313729','2.彩色球池(Av43107457,P2)','df1938ef779c4ddeac3347a1efd3464b','2.彩色球池(Av43107457,P2).mp4',0,1,'2021-04-18 22:41:22.773','2021-04-18 22:41:22.773')
,('1383792885258264577','1383783462569844737','1383785953034313729','3.彩色沙冰(Av43107457,P3)','0331eaec8cfb45aeb050ce1879a47840','3.彩色沙冰(Av43107457,P3).mp4',0,1,'2021-04-18 22:41:48.133','2021-04-18 22:41:48.133')
,('1383793039092752386','1383783462569844737','1383785953034313729','4.房子(Av43107457,P4)','f7916fb5bf77408683d7a39df7bf2df4','4.房子(Av43107457,P4).mp4',0,1,'2021-04-18 22:42:24.807','2021-04-18 22:42:24.807')
,('1383793202058240002','1383783462569844737','1383785953034313729','5.过山车(Av43107457,P5)','0ee807dda9ad4199aea067e020db7bd4','5.过山车(Av43107457,P5).mp4',0,1,'2021-04-18 22:43:03.663','2021-04-18 22:43:03.663')
,('1383793296258113538','1383783462569844737','1383785953034313729','6.海盗船(Av43107457,P6)','49031c6e79f5430d89df75814c32b6f6','6.海盗船(Av43107457,P6).mp4',0,1,'2021-04-18 22:43:26.123','2021-04-18 22:43:26.123')
,('1383793392710328322','1383783462569844737','1383785953034313729','7.海盗船2(Av43107457,P7)','17867af9d7584729888067e3ebfdf4f0','7.海盗船2(Av43107457,P7).mp4',0,1,'2021-04-18 22:43:49.117','2021-04-18 22:43:49.117')
,('1383793513250430978','1383783462569844737','1383785953034313729','12.和迪娜和戴诺玩旋转木马并学习颜色  幼儿教育卡通(Av43107457,P12)','b3b0a36ff6314bb5b4940238f50e204f','12.和迪娜和戴诺玩旋转木马并学习颜色  幼儿教育卡通(Av43107457,P12).mp4',0,1,'2021-04-18 22:44:17.857','2021-04-18 22:44:17.857')
,('1383793627251613697','1383783462569844737','1383785953034313729','13.和翻斗车伊森打保龄球和学习颜色  幼儿教育卡通(Av43107457,P13)','e6c6dc714c84493180177f6a3e3c05bf','13.和翻斗车伊森打保龄球和学习颜色  幼儿教育卡通(Av43107457,P13).mp4',0,1,'2021-04-18 22:44:45.037','2021-04-18 22:44:45.037')
,('1383793820642582530','1383783462569844737','1383785953034313729','14.和翻斗车伊森踢足球和学习颜色  幼儿教育卡通(Av43107457,P14)','f1268aa205ad4d51988714081b805080','14.和翻斗车伊森踢足球和学习颜色  幼儿教育卡通(Av43107457,P14).mp4',0,1,'2021-04-18 22:45:31.147','2021-04-18 22:45:31.147')
,('1383793937592360961','1383783462569844737','1383785953034313729','15.和翻斗车伊森用弹弓射击和学习颜色  幼儿教育卡通(Av43107457,P15)','0de84ac6a8b944cc9393021665fa249c','15.和翻斗车伊森用弹弓射击和学习颜色  幼儿教育卡通(Av43107457,P15).mp4',0,1,'2021-04-18 22:45:59.027','2021-04-18 22:45:59.027')
,('1383794048477175810','1383783462569844737','1383785953034313729','16.和翻鬥車伊森玩蹦蹦床學顏色  幼兒教育卡通(Av43107457,P16)','ef510b16e8e7424b92d75175c11c34dd','16.和翻鬥車伊森玩蹦蹦床學顏色  幼兒教育卡通(Av43107457,P16).mp4',0,1,'2021-04-18 22:46:25.467','2021-04-18 22:46:25.467')
,('1383794182669737985','1383783462569844737','1383785953034313729','17.和火车还有恐龙戴诺一起学习颜色  幼儿教育卡通(Av43107457,P17)','c814d81fdedf4b639d006b9f28c5395a','17.和火车还有恐龙戴诺一起学习颜色  幼儿教育卡通(Av43107457,P17).mp4',0,1,'2021-04-18 22:46:57.457','2021-04-18 22:46:57.457')
,('1383794836247158785','1383794650712121346','1383794699168915457','5的数字朋友','b9c88faff6044a09ae62d75c87056201','1.【DODO数学+】5的数字朋友(Av34564362,P1).mp4',0,1,'2021-04-18 22:49:33.000','2021-04-18 22:50:21.540')
,('1383795007215378433','1383794650712121346','1383794699168915457','10的数字朋友','f96fa54568054dbba4cd4ea9bff6668a','1.【DODO数学+】10的数字朋友(Av34565570,P1).mp4',0,1,'2021-04-18 22:50:14.047','2021-04-18 22:50:14.047')
,('1383795174933012481','1383794650712121346','1383795092133257217','比较高矮','6cd2afd8d2f945f58aba50118c0bd4a4','1.【DODO数学+】比较高矮(Av35480122,P1).mp4',0,1,'2021-04-18 22:50:54.033','2021-04-18 22:50:54.033')
,('1383795239021977602','1383794650712121346','1383795092133257217','比较容量','d7d0b77b492a48f9b56149444b606c1a','1.【DODO数学+】比较容量(Av35477181,P1).mp4',0,1,'2021-04-18 22:51:09.313','2021-04-18 22:51:09.313')
,('1383795287977893890','1383794650712121346','1383795092133257217','比较速度','09e8b69f68794abc9402e658138875c1','1.【DODO数学+】比较速度(Av35471411,P1).mp4',0,1,'2021-04-18 22:51:20.983','2021-04-18 22:51:20.983')
,('1383795460388954114','1383794650712121346','1383795389710737409','大于号和小于号','ef2cd58b1dab4345a54a6aac6ba5d85a','1.【DODO数学+】大于号和小于号(Av34390531,P1).mp4',0,1,'2021-04-18 22:52:02.090','2021-04-18 22:52:02.090')
,('1383795531151056898','1383794650712121346','1383794699168915457','单双数的秘密','84101c0c8dea497aad357acdad7d0d60','1.【DODO数学+】单双数的秘密(Av34076052,P1).mp4',0,1,'2021-04-18 22:52:18.960','2021-04-18 22:52:18.960')
,('1383795583042985986','1383794650712121346','1383795389710737409','等量代换1','847e91b0d6d947f486864aad1046795f','1.1614755766022848(Av374455581,P1).mp4',0,1,'2021-04-18 22:52:31.337','2021-04-18 22:52:31.337')
,('1383795607927791618','1383794650712121346','1383795389710737409','等量代换2','2f8ff676986d41b1af8cccb789b42e10','1.等量代换(Av247492024,P1).mp4',0,1,'2021-04-18 22:52:37.270','2021-04-18 22:52:37.270')
,('1383795654648143874','1383794650712121346','1383795389710737409','等量代换游戏','850d22e695724ebcb691e67ab7275320','1.等量代换(Av587174405,P1).mp4',0,1,'2021-04-18 22:52:48.407','2021-04-18 22:52:48.407')
,('1383795746599870465','1383794650712121346','1383795389710737409','等量换换换','b6dcd2090e824ee2b467f26fda8af296','1.【DODO数学+】等量换换换(Av34711371,P1).mp4',0,1,'2021-04-18 22:53:10.330','2021-04-18 22:53:10.330')
,('1383795838182498305','1383794650712121346','1383795389710737409','分类大玩家','0513be8c74324c2c9a4b86a4ae5db83f','1.【DODO数学+】分类大玩家(Av34077037,P1).mp4',0,1,'2021-04-18 22:53:32.163','2021-04-18 22:53:32.163')
,('1383795992239284225','1383794650712121346','1383794699168915457','合起来是多少','4ca1eefb5c58481095d37470ebcebb3a','1.【DODO数学+】合起来是多少(Av34566124,P1).mp4',0,1,'2021-04-18 22:54:08.893','2021-04-18 22:54:08.893')
,('1383796060178620418','1383794650712121346','1383794699168915457','几和第几','ca4fb633d094498fb2143a6495d84860','1.【DODO数学+】几和第几(Av34148855,P1).mp4',0,1,'2021-04-18 22:54:25.090','2021-04-18 22:54:25.090')
,('1383796141850107906','1383794650712121346','1383795092133257217','距离的自然测量','3505571233a94ab78821ad38eb5dee37','1.【DODO数学+】距离的自然测量(Av35481279,P1).mp4',0,1,'2021-04-18 22:54:44.563','2021-04-18 22:54:44.563')
,('1383796216865234946','1383794650712121346','1383794699168915457','可以这样数','ff071ae4a7cc4b2ba61122247836a7be','1.【DODO数学+】可以这样数(Av34364830,P1).mp4',0,1,'2021-04-18 22:55:02.447','2021-04-18 22:55:02.447')
,('1383796313510387714','1383794650712121346','1383795092133257217','宽度与高度的自然测量','612c1090a2c54bb38116ff351440933a','1.【DODO数学+】宽度与高度的自然测量(Av34997422,P1).mp4',0,1,'2021-04-18 22:55:25.490','2021-04-18 22:55:25.490')
,('1383796402085699586','1383794650712121346','1383794699168915457','拿走了还剩几','34d2f22517f542e8bdb74031f4f9b373','1.【DODO数学+】拿走了还剩几(Av34692146,P1).mp4',0,1,'2021-04-18 22:55:46.613','2021-04-18 22:55:46.613')
,('1383796492997238786','1383794650712121346','1383796433693974530','菱形','74a58a2c3e57448ca3d55d836441490c','1.【DODO数学+】认识菱形(Av35367643,P1).mp4',0,1,'2021-04-18 22:56:08.283','2021-04-18 22:56:08.283')
,('1383796552023678977','1383794650712121346','1383796433693974530','平行四边形','5ce25fd4a2a74cafaee2568fda6ca388','1.【DODO数学+】认识平行四边形(Av35404872,P1).mp4',0,1,'2021-04-18 22:56:22.357','2021-04-18 22:56:22.357')
,('1383796601910730754','1383794650712121346','1383796433693974530','球体','cc04cc4045f749e6a65ca83b8a44ed23','1.【DODO数学+】认识球体(Av34365139,P1).mp4',0,1,'2021-04-18 22:56:34.250','2021-04-18 22:56:34.250')
,('1383796683343142913','1383794650712121346','1383796433693974530','扇形','699f10290a5a4e0aa95a7f86f7f4e231','1.【DODO数学+】认识扇形(Av35361765,P1).mp4',0,1,'2021-04-18 22:56:53.667','2021-04-18 22:56:53.667')
,('1383796829581746177','1383794650712121346','1383796433693974530','时钟1','590490d78d3d4d11bd42a5d61209057d','1.【DODO数学+】认识时钟1(Av34159822,P1).mp4',0,1,'2021-04-18 22:57:28.533','2021-04-18 22:57:28.533')
,('1383796892911542274','1383794650712121346','1383796433693974530','时钟2','f4aaabb673f74022be52e33b835bedd4','2.【DODO数学+】认识时钟2(Av34159822,P2).mp4',0,1,'2021-04-18 22:57:43.630','2021-04-18 22:57:43.630')
,('1383796948871946242','1383794650712121346','1383796433693974530','梯形','cda77971aa3a441ab58e53f5e5da1d82','1.【DODO数学+】认识梯形(Av35367400,P1).mp4',0,1,'2021-04-18 22:57:56.973','2021-04-18 22:57:56.973')
,('1383797007583813634','1383794650712121346','1383796433693974530','圆柱体','cad1843362804cbda5a2e7264dd3e23b','1.【DODO数学+】认识圆柱体(Av34365552,P1).mp4',0,1,'2021-04-18 22:58:10.970','2021-04-18 22:58:10.970')
,('1383797060448821249','1383794650712121346','1383796433693974530','长方体','3a4cb4490f5c4ff7ae3238681ff90221','1.【DODO数学+】认识长方体(Av35413885,P1).mp4',0,1,'2021-04-18 22:58:23.577','2021-04-18 22:58:23.577')
,('1383797114022666241','1383794650712121346','1383796433693974530','正方体','f93adb10b461492799877bc5e277a3da','1.【DODO数学+】认识正方体(Av35433126,P1).mp4',0,1,'2021-04-18 22:58:36.347','2021-04-18 22:58:36.347')
,('1383797177323102209','1383794650712121346','1383795389710737409','容量大搬家','aad3afd1f5134dc782062ff14d530392','1.【DODO数学+】容量大搬家(Av34139595,P1).mp4',0,1,'2021-04-18 22:58:51.440','2021-04-18 22:58:51.440')
,('1383797247799992322','1383794650712121346','1383795389710737409','声音模式','a6e435a3ae0a45ab9a1b09ee4cdfcf41','1.【DODO数学+】声音模式(Av35615343,P1).mp4',0,1,'2021-04-18 22:59:08.243','2021-04-18 22:59:08.243')
,('1383797296772685825','1383794650712121346','1383795389710737409','识别模式','07b1dd53650048a99e674519c8989c48','1.识别模式(Av887099346,P1).mp4',0,1,'2021-04-18 22:59:19.920','2021-04-18 22:59:19.920')
,('1383797347532152833','1383794650712121346','1383794699168915457','竖式计算','8e726655717b46829f2e744f7c309825','1.竖式计算(Av887106516,P1).mp4',0,1,'2021-04-18 22:59:32.020','2021-04-18 22:59:32.020')
,('1383797446417063938','1383794650712121346','1383794699168915457','数字宝宝找朋友','7583d7a2021341038176820583d67da6','1.【DODO数学+】数字宝宝找朋友(Av34138811,P1).mp4',0,1,'2021-04-18 22:59:55.597','2021-04-18 22:59:55.597')
,('1383797501802848257','1383794650712121346','1383795389710737409','图形位移','6580432b500445f1b279a1d6ccc5ca1f','1.图形位移(Av757497902,P1).mp4',0,1,'2021-04-18 23:00:08.800','2021-04-18 23:00:08.800')
,('1383797595151278082','1383794650712121346','1383795389710737409','宣传片','b1d2ef09645a458f8efe390183debd26','1.宣传片(Av502617705,P1).mp4',0,1,'2021-04-18 23:00:31.057','2021-04-18 23:00:31.057')
,('1383797662495023106','1383794650712121346','1383795092133257217','有趣的统计','d56db54a394c44d7943c2394fd3f0b47','1.【DODO数学+】有趣的统计(Av34364198,P1).mp4',0,1,'2021-04-18 23:00:47.113','2021-04-18 23:00:47.113')
,('1383797722184163330','1383794650712121346','1383795092133257217','重量的自然测量','2d1bcb5b3a1c46ec8ce82d8ae83722b6','1.【DODO数学+】重量的自然测量(Av35488342,P1).mp4',0,1,'2021-04-18 23:01:01.343','2021-04-18 23:01:01.343')
;INSERT INTO `statistics_daily` (`id`,`date_calculated`,`register_num`,`login_num`,`video_view_num`,`article_view_num`,`gmt_create`,`gmt_modified`) VALUES ('1365530999836364801','2021-02-27',484,809,721,91,'2021-02-27 13:15:35.360','2021-02-27 13:52:19.897')
,('1365539899859927042','2021-01-01',375,570,290,265,'2021-02-27 13:50:57.290','2021-02-27 13:50:57.313')
,('1365539899985756161','2021-01-02',416,749,735,284,'2021-02-27 13:50:57.317','2021-02-27 13:52:19.357')
,('1365539900031893505','2021-01-04',251,841,743,2,'2021-02-27 13:50:57.330','2021-02-27 13:52:19.393')
,('1365539900107390977','2021-01-07',91,729,310,546,'2021-02-27 13:50:57.347','2021-02-27 13:52:19.437')
,('1365539900145139713','2021-01-11',170,410,483,472,'2021-02-27 13:50:57.357','2021-02-27 13:52:19.487')
,('1365539900178694146','2021-01-16',100,586,62,206,'2021-02-27 13:50:57.363','2021-02-27 13:52:19.530')
,('1365539900212248578','2021-01-22',152,489,600,508,'2021-02-27 13:50:57.373','2021-02-27 13:52:19.600')
,('1365539900241608705','2021-01-29',671,562,668,875,'2021-02-27 13:50:57.380','2021-02-27 13:52:19.667')
,('1365539900283551745','2021-02-06',297,842,486,775,'2021-02-27 13:50:57.390','2021-02-27 13:52:19.727')
,('1365539900359049218','2021-02-15',177,713,99,204,'2021-02-27 13:50:57.407','2021-02-27 13:52:19.797')
,('1365539900392603649','2021-02-25',647,235,435,486,'2021-02-27 13:50:57.417','2021-02-27 13:52:19.883')
,('1365539900442935297','2021-03-08',138,585,44,955,'2021-02-27 13:50:57.427','2021-02-27 13:50:57.433')
,('1365540244174663681','2021-01-03',177,764,888,819,'2021-02-27 13:52:19.380','2021-02-27 13:52:19.387')
,('1365540244254355457','2021-01-05',563,746,144,775,'2021-02-27 13:52:19.397','2021-02-27 13:52:19.407')
,('1365540244325658626','2021-01-06',103,182,202,720,'2021-02-27 13:52:19.417','2021-02-27 13:52:19.430')
,('1365540244430516225','2021-01-08',962,5,38,782,'2021-02-27 13:52:19.440','2021-02-27 13:52:19.447')
,('1365540244472459265','2021-01-09',478,460,136,441,'2021-02-27 13:52:19.450','2021-02-27 13:52:19.457')
,('1365540244518596609','2021-01-10',173,505,908,674,'2021-02-27 13:52:19.460','2021-02-27 13:52:19.467')
,('1365540244652814338','2021-01-12',364,753,132,266,'2021-02-27 13:52:19.493','2021-02-27 13:52:19.497')
,('1365540244703145985','2021-01-13',895,998,603,896,'2021-02-27 13:52:19.507','2021-02-27 13:52:19.507')
,('1365540244728311809','2021-01-14',806,182,613,782,'2021-02-27 13:52:19.510','2021-02-27 13:52:19.517')
,('1365540244778643458','2021-01-15',810,573,37,288,'2021-02-27 13:52:19.523','2021-02-27 13:52:19.527')
,('1365540244833169410','2021-01-17',250,229,539,24,'2021-02-27 13:52:19.537','2021-02-27 13:52:19.547')
,('1365540244904472578','2021-01-18',305,821,39,111,'2021-02-27 13:52:19.553','2021-02-27 13:52:19.560')
,('1365540244958998529','2021-01-19',336,759,681,264,'2021-02-27 13:52:19.567','2021-02-27 13:52:19.577')
,('1365540245030301697','2021-01-20',891,662,600,124,'2021-02-27 13:52:19.583','2021-02-27 13:52:19.590')
,('1365540245072244737','2021-01-21',933,324,61,771,'2021-02-27 13:52:19.593','2021-02-27 13:52:19.597')
,('1365540245126770689','2021-01-23',727,654,259,175,'2021-02-27 13:52:19.607','2021-02-27 13:52:19.617')
,('1365540245219045378','2021-01-24',950,758,914,574,'2021-02-27 13:52:19.627','2021-02-27 13:52:19.630')
,('1365540245248405505','2021-01-25',424,834,966,534,'2021-02-27 13:52:19.637','2021-02-27 13:52:19.640')
,('1365540245286154241','2021-01-26',917,445,132,903,'2021-02-27 13:52:19.643','2021-02-27 13:52:19.647')
,('1365540245307125761','2021-01-27',306,9,934,276,'2021-02-27 13:52:19.650','2021-02-27 13:52:19.653')
,('1365540245336485889','2021-01-28',504,897,495,600,'2021-02-27 13:52:19.657','2021-02-27 13:52:19.660')
,('1365540245391011841','2021-01-30',502,789,128,47,'2021-02-27 13:52:19.670','2021-02-27 13:52:19.673')
,('1365540245441343489','2021-01-31',905,585,6,865,'2021-02-27 13:52:19.680','2021-02-27 13:52:19.687')
,('1365540245495869442','2021-02-01',903,132,828,883,'2021-02-27 13:52:19.697','2021-02-27 13:52:19.697')
,('1365540245516840962','2021-02-02',174,715,16,34,'2021-02-27 13:52:19.700','2021-02-27 13:52:19.707')
,('1365540245558784001','2021-02-03',248,508,976,187,'2021-02-27 13:52:19.710','2021-02-27 13:52:19.713')
,('1365540245579755522','2021-02-04',11,637,850,893,'2021-02-27 13:52:19.713','2021-02-27 13:52:19.717')
,('1365540245609115650','2021-02-05',829,992,321,75,'2021-02-27 13:52:19.720','2021-02-27 13:52:19.723')
,('1365540245646864385','2021-02-07',374,440,705,193,'2021-02-27 13:52:19.730','2021-02-27 13:52:19.733')
,('1365540245672030209','2021-02-08',372,432,493,154,'2021-02-27 13:52:19.737','2021-02-27 13:52:19.743')
,('1365540245760110594','2021-02-09',106,87,988,832,'2021-02-27 13:52:19.757','2021-02-27 13:52:19.760')
,('1365540245785276417','2021-02-10',309,59,258,39,'2021-02-27 13:52:19.763','2021-02-27 13:52:19.767')
,('1365540245827219457','2021-02-11',279,651,729,619,'2021-02-27 13:52:19.773','2021-02-27 13:52:19.777')
,('1365540245848190977','2021-02-12',582,304,311,533,'2021-02-27 13:52:19.777','2021-02-27 13:52:19.780')
,('1365540245864968193','2021-02-13',607,375,386,34,'2021-02-27 13:52:19.783','2021-02-27 13:52:19.790')
,('1365540245902716930','2021-02-14',640,58,669,915,'2021-02-27 13:52:19.790','2021-02-27 13:52:19.793')
,('1365540245936271361','2021-02-16',142,741,361,827,'2021-02-27 13:52:19.800','2021-02-27 13:52:19.803')
,('1365540245999185922','2021-02-17',755,586,304,700,'2021-02-27 13:52:19.813','2021-02-27 13:52:19.820')
,('1365540246049517570','2021-02-18',858,398,540,432,'2021-02-27 13:52:19.827','2021-02-27 13:52:19.830')
,('1365540246078877698','2021-02-19',592,404,757,323,'2021-02-27 13:52:19.833','2021-02-27 13:52:19.840')
,('1365540246116626433','2021-02-20',484,13,840,626,'2021-02-27 13:52:19.843','2021-02-27 13:52:19.847')
,('1365540246141792257','2021-02-21',126,308,707,86,'2021-02-27 13:52:19.847','2021-02-27 13:52:19.853')
,('1365540246166958082','2021-02-22',879,588,894,659,'2021-02-27 13:52:19.857','2021-02-27 13:52:19.857')
,('1365540246200512513','2021-02-23',195,302,296,871,'2021-02-27 13:52:19.863','2021-02-27 13:52:19.867')
,('1365540246225678338','2021-02-24',479,825,171,763,'2021-02-27 13:52:19.867','2021-02-27 13:52:19.877')
,('1365540246326341633','2021-02-26',889,448,540,629,'2021-02-27 13:52:19.893','2021-02-27 13:52:19.893')
,('1365540246355701761','2021-02-28',910,518,223,836,'2021-02-27 13:52:19.900','2021-02-28 19:41:11.167')
,('1370991039615725569','2021-03-14',0,0,2,0,'2021-03-14 14:51:50.283','2021-03-14 14:52:04.707')
,('1371437320226025474','2021-03-15',8,2,0,0,'2021-03-15 20:25:11.873','2021-03-15 22:18:50.380')
,('1371731635187744769','2021-03-16',1,3,44,39,'2021-03-16 15:54:42.027','2021-03-16 21:37:18.390')
,('1383964048928362498','2021-04-19',2,10,4,5,'2021-04-19 10:01:56.730','2021-04-19 15:46:08.097')
,('1383976356534562818','2021-03-01',651,596,432,813,'2021-04-19 10:50:51.107','2021-04-19 10:50:51.107')
,('1383976356689752066','2021-03-02',74,625,730,644,'2021-04-19 10:50:51.130','2021-04-19 10:50:51.130')
,('1383976356706529281','2021-03-03',952,365,295,851,'2021-04-19 10:50:51.133','2021-04-19 10:50:51.133')
,('1383976356731695105','2021-03-04',233,404,763,857,'2021-04-19 10:50:51.140','2021-04-19 10:50:51.140')
,('1383976356761055234','2021-03-05',729,816,760,167,'2021-04-19 10:50:51.147','2021-04-19 10:50:51.147')
,('1383976356782026753','2021-03-06',406,32,718,534,'2021-04-19 10:50:51.153','2021-04-19 10:50:51.153')
,('1383976356802998274','2021-03-07',659,169,998,482,'2021-04-19 10:50:51.157','2021-04-19 10:50:51.157')
,('1383976356861718529','2021-03-09',680,925,286,889,'2021-04-19 10:50:51.170','2021-04-19 10:50:51.170')
,('1383976356912050178','2021-03-10',170,200,202,470,'2021-04-19 10:50:51.183','2021-04-19 10:50:51.183')
,('1383976356937216002','2021-03-11',914,386,407,44,'2021-04-19 10:50:51.187','2021-04-19 10:50:51.187')
,('1383976356962381825','2021-03-12',216,655,289,392,'2021-04-19 10:50:51.197','2021-04-19 10:50:51.197')
,('1383976356991741954','2021-03-13',776,623,463,379,'2021-04-19 10:50:51.200','2021-04-19 10:50:51.200')
,('1383976357033684994','2021-03-17',372,519,912,769,'2021-04-19 10:50:51.213','2021-04-19 10:50:51.213')
,('1383976357050462209','2021-03-18',617,317,598,804,'2021-04-19 10:50:51.217','2021-04-19 10:50:51.217')
,('1383976357058850817','2021-03-19',131,348,730,205,'2021-04-19 10:50:51.217','2021-04-19 10:50:51.217')
,('1383976357079822338','2021-03-20',728,583,730,721,'2021-04-19 10:50:51.223','2021-04-19 10:50:51.223')
,('1383976357113376769','2021-03-21',555,120,99,724,'2021-04-19 10:50:51.230','2021-04-19 10:50:51.230')
,('1383976357146931201','2021-03-22',733,395,32,646,'2021-04-19 10:50:51.237','2021-04-19 10:50:51.237')
,('1383976357188874241','2021-03-23',670,317,622,239,'2021-04-19 10:50:51.250','2021-04-19 10:50:51.250')
,('1383976357205651458','2021-03-24',150,804,959,736,'2021-04-19 10:50:51.253','2021-04-19 10:50:51.253')
,('1383976357222428673','2021-03-25',254,187,217,7,'2021-04-19 10:50:51.257','2021-04-19 10:50:51.257')
,('1383976357243400194','2021-03-26',377,553,102,703,'2021-04-19 10:50:51.260','2021-04-19 10:50:51.260')
,('1383976357251788802','2021-03-27',907,401,648,196,'2021-04-19 10:50:51.263','2021-04-19 10:50:51.263')
,('1383976357268566017','2021-03-28',631,887,430,868,'2021-04-19 10:50:51.267','2021-04-19 10:50:51.267')
,('1383976357276954625','2021-03-29',553,556,680,910,'2021-04-19 10:50:51.270','2021-04-19 10:50:51.270')
,('1383976357293731842','2021-03-30',615,677,716,326,'2021-04-19 10:50:51.273','2021-04-19 10:50:51.273')
,('1383976357314703362','2021-03-31',765,235,288,309,'2021-04-19 10:50:51.280','2021-04-19 10:50:51.280')
,('1383976357331480577','2021-04-01',910,156,203,467,'2021-04-19 10:50:51.283','2021-04-19 10:50:51.283')
,('1383976357339869186','2021-04-02',559,580,601,659,'2021-04-19 10:50:51.287','2021-04-19 10:50:51.287')
,('1383976357356646402','2021-04-03',393,875,802,347,'2021-04-19 10:50:51.287','2021-04-19 10:50:51.287')
,('1383976357381812226','2021-04-04',549,581,497,450,'2021-04-19 10:50:51.293','2021-04-19 10:50:51.293')
,('1383976357411172354','2021-04-05',169,699,383,641,'2021-04-19 10:50:51.303','2021-04-19 10:50:51.303')
,('1383976357448921090','2021-04-06',613,547,39,932,'2021-04-19 10:50:51.310','2021-04-19 10:50:51.310')
,('1383976357465698305','2021-04-07',817,922,955,162,'2021-04-19 10:50:51.313','2021-04-19 10:50:51.313')
,('1383976357474086914','2021-04-08',457,454,157,687,'2021-04-19 10:50:51.317','2021-04-19 10:50:51.317')
,('1383976357490864129','2021-04-09',938,843,779,201,'2021-04-19 10:50:51.320','2021-04-19 10:50:51.320')
,('1383976357499252737','2021-04-10',734,143,278,93,'2021-04-19 10:50:51.323','2021-04-19 10:50:51.323')
,('1383976357524418562','2021-04-11',305,380,733,154,'2021-04-19 10:50:51.327','2021-04-19 10:50:51.327')
,('1383976357532807170','2021-04-12',591,555,800,807,'2021-04-19 10:50:51.330','2021-04-19 10:50:51.330')
,('1383976357549584385','2021-04-13',113,546,456,190,'2021-04-19 10:50:51.337','2021-04-19 10:50:51.337')
,('1383976357566361602','2021-04-14',815,476,618,619,'2021-04-19 10:50:51.337','2021-04-19 10:50:51.337')
,('1383976357587333122','2021-04-15',102,892,95,945,'2021-04-19 10:50:51.343','2021-04-19 10:50:51.343')
,('1383976357595721729','2021-04-16',948,497,95,290,'2021-04-19 10:50:51.347','2021-04-19 10:50:51.347')
,('1383976357620887554','2021-04-17',588,218,685,479,'2021-04-19 10:50:51.350','2021-04-19 10:50:51.350')
,('1383976357637664769','2021-04-18',39,137,185,249,'2021-04-19 10:50:51.357','2021-04-19 10:50:51.357')
,('1383976357721550850','2021-04-20',648,160,482,980,'2021-04-19 10:50:51.377','2021-04-19 10:50:51.377')
,('1386355601076387841','2021-04-26',972,104,424,178,'2021-04-26 00:25:07.197','2021-04-26 00:53:18.257')
,('1386864713010786305','2021-04-27',219,680,4,728,'2021-04-27 10:08:08.940','2021-04-27 20:27:45.840')
,('1392662057744617474','2021-04-28',0,0,0,0,'2021-05-13 10:04:43.633','2021-05-13 10:04:43.633')
,('1392662057836892161','2021-04-29',0,0,0,0,'2021-05-13 10:04:43.657','2021-05-13 10:04:43.657')
,('1392662057899806721','2021-04-30',0,0,0,0,'2021-05-13 10:04:43.670','2021-05-13 10:04:43.670')
,('1392662057979498498','2021-05-01',0,0,0,0,'2021-05-13 10:04:43.690','2021-05-13 10:04:43.690')
,('1392662058029830145','2021-05-02',0,0,0,0,'2021-05-13 10:04:43.700','2021-05-13 10:04:43.700')
,('1392662058075967489','2021-05-03',0,0,0,0,'2021-05-13 10:04:43.713','2021-05-13 10:04:43.713')
,('1392662639167528962','2021-05-04',0,0,0,0,'2021-05-13 10:07:02.257','2021-05-13 10:07:02.257')
,('1392664639644925954','2021-05-07',0,0,0,0,'2021-05-13 10:14:59.207','2021-05-13 10:14:59.207')
,('1392664639720423425','2021-05-08',0,0,0,0,'2021-05-13 10:14:59.227','2021-05-13 10:14:59.227')
,('1392664639762366466','2021-05-09',0,0,0,0,'2021-05-13 10:14:59.233','2021-05-13 10:14:59.233')
,('1392664639816892417','2021-05-10',0,0,0,0,'2021-05-13 10:14:59.247','2021-05-13 10:14:59.247')
,('1392664639884001282','2021-05-11',0,0,0,0,'2021-05-13 10:14:59.263','2021-05-13 10:14:59.263')
,('1392664639917555713','2021-05-12',0,0,0,0,'2021-05-13 10:14:59.273','2021-05-13 10:14:59.273')
,('1392664639942721537','2021-05-13',1,8,1,1,'2021-05-13 10:14:59.277','2021-05-13 19:28:07.997')
,('1392665930714611713','2021-04-21',0,0,0,0,'2021-05-13 10:20:07.023','2021-05-13 10:20:07.023')
,('1392666010121175042','2021-04-22',0,0,0,0,'2021-05-13 10:20:25.953','2021-05-13 10:20:25.953')
,('1393044385985835009','2021-05-14',0,3,2,3,'2021-05-14 11:23:57.790','2021-05-14 15:01:01.043')
,('1518635956834934786','2022-04-26',0,0,0,0,'2022-04-26 01:00:01.660','2022-04-26 01:00:01.660')
,('1518781790020976642','2022-03-26',0,0,0,0,'2022-04-26 10:39:31.000','2022-04-26 10:39:31.000')
,('1518781790155194370','2022-03-27',0,0,0,0,'2022-04-26 10:39:31.030','2022-04-26 10:39:31.030')
,('1518781790184554497','2022-03-28',0,0,0,0,'2022-04-26 10:39:31.037','2022-04-26 10:39:31.037')
,('1518781790209720321','2022-03-29',0,0,0,0,'2022-04-26 10:39:31.043','2022-04-26 10:39:31.043')
,('1518781790239080449','2022-03-30',0,0,0,0,'2022-04-26 10:39:31.053','2022-04-26 10:39:31.053')
,('1518781790318772226','2022-03-31',0,0,0,0,'2022-04-26 10:39:31.070','2022-04-26 10:39:31.070')
,('1518781790352326657','2022-04-01',0,0,0,0,'2022-04-26 10:39:31.077','2022-04-26 10:39:31.077')
;INSERT INTO `users` (`id`,`openid`,`mobile`,`password`,`nickname`,`sex`,`age`,`avatar`,`sign`,`is_disabled`,`is_deleted`,`gmt_create`,`gmt_modified`) VALUES ('1                  ',NULL,'13700000001','96e79218965eb72c92a549dd5a330112','小三123',1,5,'http://thirdwx.qlogo.cn/mmopen/vi_32/DYAIOgq83eoj0hHXhgJNOTSOFsS4uZs8x1ConecaVOB8eIl115xmJZcT4oCicvia7wMEufibKtTLqiaJeanU2Lpg3w/132',NULL,0,0,'2019-01-01 12:11:33.000','2019-11-08 11:56:01.000')
,('1080736474267144193',NULL,'13700000011','96e79218965eb72c92a549dd5a330112','用户XJtDfaYeKk',1,19,'http://thirdwx.qlogo.cn/mmopen/vi_32/DYAIOgq83eoj0hHXhgJNOTSOFsS4uZs8x1ConecaVOB8eIl115xmJZcT4oCicvia7wMEufibKtTLqiaJeanU2Lpg3w/132',NULL,0,0,'2019-01-02 12:12:45.000','2019-01-02 12:12:56.000')
,('1080736474355224577',NULL,'13700000002','96e79218965eb72c92a549dd5a330112','用户wUrNkzAPrc',1,27,'http://thirdwx.qlogo.cn/mmopen/vi_32/DYAIOgq83eoj0hHXhgJNOTSOFsS4uZs8x1ConecaVOB8eIl115xmJZcT4oCicvia7wMEufibKtTLqiaJeanU2Lpg3w/132',NULL,0,0,'2019-01-02 12:13:56.000','2019-01-02 12:14:07.000')
,('1086387099449442306',NULL,'13520191388','96e79218965eb72c92a549dd5a330112','用户XTMUeHDAoj',2,20,'http://thirdwx.qlogo.cn/mmopen/vi_32/DYAIOgq83eoj0hHXhgJNOTSOFsS4uZs8x1ConecaVOB8eIl115xmJZcT4oCicvia7wMEufibKtTLqiaJeanU2Lpg3w/132',NULL,0,0,'2019-01-19 06:17:23.000','2019-01-19 06:17:23.000')
,('1086387099520745473',NULL,'13520191389','96e79218965eb72c92a549dd5a330112','用户vSdKeDlimn',1,21,'http://thirdwx.qlogo.cn/mmopen/vi_32/DYAIOgq83eoj0hHXhgJNOTSOFsS4uZs8x1ConecaVOB8eIl115xmJZcT4oCicvia7wMEufibKtTLqiaJeanU2Lpg3w/132',NULL,0,0,'2019-01-19 06:17:23.000','2019-01-19 06:17:23.000')
,('1086387099608825858',NULL,'13520191381','96e79218965eb72c92a549dd5a330112','用户EoyWUVXQoP',1,18,'http://thirdwx.qlogo.cn/mmopen/vi_32/DYAIOgq83eoj0hHXhgJNOTSOFsS4uZs8x1ConecaVOB8eIl115xmJZcT4oCicvia7wMEufibKtTLqiaJeanU2Lpg3w/132',NULL,0,0,'2019-01-19 06:17:23.000','2019-01-19 06:17:23.000')
,('1086387099701100545',NULL,'13520191382','96e79218965eb72c92a549dd5a330112','用户LcAYbxLNdN',2,24,'http://thirdwx.qlogo.cn/mmopen/vi_32/DYAIOgq83eoj0hHXhgJNOTSOFsS4uZs8x1ConecaVOB8eIl115xmJZcT4oCicvia7wMEufibKtTLqiaJeanU2Lpg3w/132',NULL,0,0,'2019-01-19 06:17:23.000','2019-01-19 06:17:23.000')
,('1086387099776598018',NULL,'13520191383','96e79218965eb72c92a549dd5a330112','用户dZdjcgltnk',2,25,'http://thirdwx.qlogo.cn/mmopen/vi_32/DYAIOgq83eoj0hHXhgJNOTSOFsS4uZs8x1ConecaVOB8eIl115xmJZcT4oCicvia7wMEufibKtTLqiaJeanU2Lpg3w/132',NULL,0,0,'2019-01-19 06:17:23.000','2019-01-19 06:17:23.000')
,('1086387099852095490',NULL,'13520191384','96e79218965eb72c92a549dd5a330112','用户wNHGHlxUwX',2,23,'http://thirdwx.qlogo.cn/mmopen/vi_32/DYAIOgq83eoj0hHXhgJNOTSOFsS4uZs8x1ConecaVOB8eIl115xmJZcT4oCicvia7wMEufibKtTLqiaJeanU2Lpg3w/132',NULL,0,0,'2019-01-19 06:17:23.000','2019-01-19 06:17:23.000')
,('1106746895272849410','o1R-t5u2TfEVeVjO9CPGdHPNw-to',NULL,NULL,'檀梵',NULL,NULL,'http://thirdwx.qlogo.cn/mmopen/vi_32/zZfLXcetf2Rpsibq6HbPUWKgWSJHtha9y1XBeaqluPUs6BYicW1FJaVqj7U3ozHd3iaodGKJOvY2PvqYTuCKwpyfQ/132',NULL,0,0,'2019-03-16 10:39:57.000','2019-03-16 10:39:57.000')
,('1106822699956654081',NULL,NULL,NULL,NULL,NULL,NULL,'http://thirdwx.qlogo.cn/mmopen/vi_32/DYAIOgq83eoj0hHXhgJNOTSOFsS4uZs8x1ConecaVOB8eIl115xmJZcT4oCicvia7wMEufibKtTLqiaJeanU2Lpg3w/132',NULL,0,0,'2019-03-16 15:41:10.000','2019-03-16 15:41:10.000')
,('1106823035660357634','o1R-t5i4gENwHYRb5lVFy98Z0bdk',NULL,NULL,'GaoSir',NULL,NULL,'http://thirdwx.qlogo.cn/mmopen/vi_32/Q0j4TwGTfTJI53RcCuc1no02os6ZrattWGiazlPnicoZQ59zkS7phNdLEWUPDk8fzoxibAnXV1Sbx0trqXEsGhXPw/132',NULL,0,0,'2019-03-16 15:42:30.000','2019-03-16 15:42:30.000')
,('1106823041599492098',NULL,NULL,NULL,NULL,NULL,NULL,'http://thirdwx.qlogo.cn/mmopen/vi_32/DYAIOgq83eoj0hHXhgJNOTSOFsS4uZs8x1ConecaVOB8eIl115xmJZcT4oCicvia7wMEufibKtTLqiaJeanU2Lpg3w/132',NULL,0,0,'2019-03-16 15:42:32.000','2019-03-16 15:42:32.000')
,('1106823115788341250','o1R-t5l_3rnbZbn4jWwFdy6Gk6cg',NULL,NULL,'换个网名哇、',NULL,NULL,'http://thirdwx.qlogo.cn/mmopen/vi_32/jJHyeM0EN2jhB70LntI3k8fEKe7W6CwykrKMgDJM4VZqCpcxibVibX397p0vmbKURGkLS4jxjGB0GpZfxCicgt07w/132',NULL,0,0,'2019-03-16 15:42:49.000','2019-03-16 15:42:49.000')
,('1106826046730227714','o1R-t5gyxumyBqt0CWcnh0S6Ya1g',NULL,NULL,'我是Helen',NULL,NULL,'http://thirdwx.qlogo.cn/mmopen/vi_32/Q0j4TwGTfTKDRfib8wy7A2ltERKh4VygxdjVC1x5OaOb1t9hot4JNt5agwaVLdJLcD9vJCNcxkvQnlvLYIPfrZw/132',NULL,0,0,'2019-03-16 15:54:28.000','2019-03-16 15:54:28.000')
,('1106828185829490690','o1R-t5nNlou5lRwBVgGNJFm4rbc4',NULL,NULL,' 虎头',NULL,NULL,'http://thirdwx.qlogo.cn/mmopen/vi_32/Q0j4TwGTfTKxCqRzuYWQmpwiaqQEjNxbC7WicebicXQusU306jgmfoOzUcFg1qaDq5BStiblwBjw5dUOblQ2gUicQOQ/132',NULL,0,0,'2019-03-16 16:02:58.000','2019-03-16 16:02:58.000')
,('1106830599651442689','o1R-t5hZHQB1cbX7HZJsiM727_SA',NULL,NULL,'是吴啊',NULL,NULL,'http://thirdwx.qlogo.cn/mmopen/vi_32/Q0j4TwGTfTJ9CsqApybcs7f3Dyib9IxIh0sBqJb7LicbjU4WticJFF0PVwFvHgtbFdBwfmk3H2t3NyqmEmVx17tRA/132',NULL,0,0,'2019-03-16 16:12:34.000','2019-03-16 16:12:34.000')
,('1106830976199278593','o1R-t5meKOoyEJ3-IhWRCBKFcvzU',NULL,NULL,'我才是Helen',NULL,NULL,'http://thirdwx.qlogo.cn/mmopen/vi_32/DYAIOgq83epMicP9UT6mVjYWdno0OJZkOXiajG0sllJTbGJ9DYiceej2XvbDSGCK8LCF7jv1PuG2uoYlePWic9XO8A/132',NULL,0,0,'2019-03-16 16:14:03.000','2019-03-16 16:14:03.000')
,('1106831936900415490','o1R-t5jXYSWakGtnUBnKbfVT5Iok',NULL,NULL,'文若姬',NULL,NULL,'http://thirdwx.qlogo.cn/mmopen/vi_32/3HEmJwpSzguqqAyzmBwqT6aicIanswZibEOicQInQJI3ZY1qmu59icJC6N7SahKqWYv24GvX5KH2fibwt0mPWcTJ3fg/132',NULL,0,0,'2019-03-16 16:17:52.000','2019-03-16 16:17:52.000')
,('1106832491064442882','o1R-t5sud081Qsa2Vb2xSKgGnf_g',NULL,NULL,'Peanut',NULL,NULL,'http://thirdwx.qlogo.cn/mmopen/vi_32/DYAIOgq83eoj0hHXhgJNOTSOFsS4uZs8x1ConecaVOB8eIl115xmJZcT4oCicvia7wMEufibKtTLqiaJeanU2Lpg3w/132',NULL,0,0,'2019-03-16 16:20:04.000','2019-03-16 16:20:04.000')
,('1106833021442510849','o1R-t5lsGc3I8P5bDpHj7m_AIRvQ',NULL,NULL,'食物链终结者',NULL,NULL,'http://thirdwx.qlogo.cn/mmopen/vi_32/MQ7qUmCprK9am16M1Ia1Cs3RK0qiarRrl9y8gsssBjIZeS2GwKSrnq7ZYhmrzuzDwBxSMMAofrXeLic9IBlW4M3Q/132',NULL,0,0,'2019-03-16 16:22:11.000','2019-03-16 16:22:11.000')
,('1191600824445046786',NULL,'15210078344','96e79218965eb72c92a549dd5a330112','IT妖姬',1,5,'http://thirdwx.qlogo.cn/mmopen/vi_32/DYAIOgq83eoj0hHXhgJNOTSOFsS4uZs8x1ConecaVOB8eIl115xmJZcT4oCicvia7wMEufibKtTLqiaJeanU2Lpg3w/132',NULL,0,0,'2019-11-05 14:19:10.000','2019-11-08 18:04:43.000')
,('1191616288114163713',NULL,'17866603606','96e79218965eb72c92a549dd5a330112','xiaowu',NULL,NULL,'http://thirdwx.qlogo.cn/mmopen/vi_32/DYAIOgq83eoj0hHXhgJNOTSOFsS4uZs8x1ConecaVOB8eIl115xmJZcT4oCicvia7wMEufibKtTLqiaJeanU2Lpg3w/132',NULL,0,0,'2019-11-05 15:20:37.000','2019-11-05 15:20:37.000')
,('1195187659054329857',NULL,'15010546384','96e79218965eb72c92a549dd5a330112','qy',NULL,NULL,'http://thirdwx.qlogo.cn/mmopen/vi_32/DYAIOgq83eoj0hHXhgJNOTSOFsS4uZs8x1ConecaVOB8eIl115xmJZcT4oCicvia7wMEufibKtTLqiaJeanU2Lpg3w/132',NULL,0,0,'2019-11-15 11:51:58.000','2019-11-15 11:51:58.000')
,('1364168170046734338',NULL,'15068696639','1e94336f84d9c5fb4681ab19097041fb','逍遥日辰',NULL,NULL,'http://thirdwx.qlogo.cn/mmopen/vi_32/DYAIOgq83eoj0hHXhgJNOTSOFsS4uZs8x1ConecaVOB8eIl115xmJZcT4oCicvia7wMEufibKtTLqiaJeanU2Lpg3w/132',NULL,0,0,'2021-02-23 19:00:11.417','2021-02-23 19:00:11.417')
,('1364495328992497666','o3_SC53CgwOn5qvqIebwrib2LH-o','',NULL,'季夏余廿',NULL,NULL,'https://thirdwx.qlogo.cn/mmopen/vi_32/Q0j4TwGTfTKmNnjcib8AGd4iaeXI3EZ6jIszwuZoQrIUvleJeENyy419y9AuvR7UZJD8HlzmrxhZ66vy94TZEvUA/132',NULL,0,0,'2021-02-24 16:40:12.187','2021-02-24 16:40:12.187')
,('1365988631141728257',NULL,'13711111111','96e79218965eb72c92a549dd5a330112','test',NULL,NULL,'http://thirdwx.qlogo.cn/mmopen/vi_32/DYAIOgq83eoj0hHXhgJNOTSOFsS4uZs8x1ConecaVOB8eIl115xmJZcT4oCicvia7wMEufibKtTLqiaJeanU2Lpg3w/132',NULL,0,0,'2021-02-28 19:34:03.163','2021-02-28 19:34:03.163')
,('1392800652652462081',NULL,'17395776167','1e94336f84d9c5fb4681ab19097041fb','123',NULL,NULL,'http://thirdwx.qlogo.cn/mmopen/vi_32/DYAIOgq83eoj0hHXhgJNOTSOFsS4uZs8x1ConecaVOB8eIl115xmJZcT4oCicvia7wMEufibKtTLqiaJeanU2Lpg3w/132',NULL,0,0,'2021-05-13 19:15:27.237','2021-05-13 19:15:27.237')
;